symbol,timestamp_utc,spot,gamma_pin,distance_to_pin,gross_gex,net_gex,call_gex,put_gex,is_valid
RUT,2026-01-05 17:58:55.084153+00:00,2547.4604,2530.0,17.460399999999936,96.97483168531832,-0.6425286907427861,48.166151497287764,48.80868018803055,True
RUT,2026-01-05 18:04:01.537991+00:00,2548.4791,2530.0,18.479100000000017,96.6785851956401,-0.1470910603316753,48.26574706765421,48.412838127985886,True
RUT,2026-01-05 18:08:40.279816+00:00,2548.5784000000003,2530.0,18.57840000000033,96.64963653503095,-0.09895093301395264,48.2753428010085,48.37429373402245,True
RUT,2026-01-05 18:14:00.216922+00:00,2549.9481,2530.0,19.948100000000068,96.24906074693796,0.5622558185527993,48.40565828274538,47.84340246419258,True
RUT,2026-01-05 18:18:39.683444+00:00,2548.862,2530.0,18.86200000000008,96.56689026496274,0.03838557892566996,48.3026379219442,48.26425234301853,True
DJI,2026-01-05 18:22:46.723744+00:00,49142.81,170.0,48972.81,8.370677666783479e-45,-8.370677666783405e-45,3.701779931326271e-59,8.370677666783442e-45,False
RUT,2026-01-05 18:23:50.804921+00:00,2548.9839,2530.0,18.983900000000176,96.53129202117796,0.09734800943630972,48.31432001530713,48.21697200587082,True
NDX,2026-01-05 18:27:29.231927+00:00,25417.10889190654,25400.0,17.10889190654052,340.2183707926,-79.86061321018167,130.17887879120917,210.03949200139084,True
DJI,2026-01-05 18:27:54.647972+00:00,49146.020000000004,170.0,48976.020000000004,8.655904551856926e-45,-8.655904525132523e-45,1.3362201346000081e-53,8.655904538494724e-45,False
RUT,2026-01-05 18:28:56.549821+00:00,2550.7213,2530.0,20.721300000000156,96.0219050098519,0.9331673896745585,48.47753619976323,47.54436881008867,True
NDX,2026-01-05 18:32:36.809174+00:00,25421.8583752839,25420.0,1.8583752839003864,250.60394989740175,-71.8642656968228,89.36984210028947,161.23410779711227,True
DJI,2026-01-05 18:33:03.108355+00:00,49165.32,170.0,48995.32,9.422497406144633e-45,-9.422449633916524e-45,2.3886114054321663e-50,9.422473520030579e-45,False
RUT,2026-01-05 18:34:07.208741+00:00,2550.3256,2530.0,20.325600000000122,96.13824794535515,0.7435589139454706,48.440903429650305,47.697344515704835,True
NDX,2026-01-05 18:37:15.639398+00:00,25417.54569484715,25400.0,17.545694847151026,329.9515233165413,-79.56038784110167,125.1955677377198,204.75595557882147,True
DJI,2026-01-05 18:37:38.786509+00:00,49168.41,170.0,48998.41,9.914612174171219e-45,-9.912727721944178e-45,9.422261135207458e-49,9.913669948057699e-45,False
RUT,2026-01-05 18:38:42.508570+00:00,2550.6886,2530.0,20.68859999999995,96.03152663885113,0.9175154069080662,48.4745210228796,47.55700561597153,True
NDX,2026-01-05 18:42:22.766624+00:00,25424.40721812495,25420.0,4.407218124950305,221.3172180688954,-66.1575077998866,77.5798551345044,143.737362934391,True
DJI,2026-01-05 18:42:45.956997+00:00,49179.270000000004,170.0,49009.270000000004,1.031254955212782e-44,-1.0312549551976113e-44,7.585315621866456e-56,1.0312549552051967e-44,False
RUT,2026-01-05 18:43:44.356583+00:00,2550.3062,2530.0,20.30619999999999,96.14394696972803,0.7342514895041319,48.43909922961608,47.70484774011195,True
NDX,2026-01-05 18:47:22.996150+00:00,25438.04823751745,25450.0,-11.951762482549384,231.64841380699454,-75.87711822591626,77.88564779053914,153.7627660164554,True
DJI,2026-01-05 18:47:47.923977+00:00,49185.340000000004,170.0,49015.340000000004,1.0771446627949583e-44,-1.077144662794909e-44,2.460716152501807e-58,1.0771446627949336e-44,False
RUT,2026-01-05 18:48:51.716321+00:00,2551.8893000000003,2530.0,21.889300000000276,95.67738812406216,1.4902196618127377,48.58380389293745,47.093584231124716,True
NDX,2026-01-05 18:52:30.950787+00:00,25427.46814629705,25420.0,7.468146297051135,201.21540762832308,-60.930075521195704,70.14266605356369,131.0727415747594,True
DJI,2026-01-05 18:52:53.580566+00:00,49200.75,170.0,49030.75,1.1384671969293194e-44,-1.138465380423029e-44,9.082531450690744e-51,1.1384662886761742e-44,False
RUT,2026-01-05 18:53:55.761851+00:00,2551.8616,2530.0,21.86160000000018,95.68557746889817,1.4770543558667626,48.581315912382465,47.1042615565157,True
NDX,2026-01-05 18:57:34.897702+00:00,25428.13009497772,25420.0,8.130094977721456,198.83706572256511,-60.204224597326686,69.31642056261921,129.5206451599459,True
DJI,2026-01-05 18:57:57.561196+00:00,49200.16,170.0,49030.16,1.181161271672362e-44,-1.181161102296201e-44,8.46880804312935e-52,1.1811611869842815e-44,False
RUT,2026-01-05 18:58:57.524354+00:00,2552.7387000000003,2530.0,22.738700000000335,95.4258298003048,1.892839695268286,48.65933474778654,46.76649505251825,True
NDX,2026-01-05 19:02:36.076230+00:00,25431.86343764397,25430.0,1.8634376439695188,197.25909188612258,-59.79587732519991,68.73160728046133,128.52748460566124,True
DJI,2026-01-05 19:03:00.143692+00:00,49202.25,170.0,49032.25,1.2273453018924445e-44,-1.2255450777043602e-44,9.001120940420704e-48,1.2264451897984023e-44,False
RUT,2026-01-05 19:04:03.867162+00:00,2554.0505000000003,2530.0,24.050500000000284,95.03568824245448,2.5104785516287222,48.7730833970416,46.26260484541288,True
NDX,2026-01-05 19:07:13.432920+00:00,25425.62054095118,25420.0,5.620540951178555,211.49232294174092,-63.77190636942308,73.86020828615892,137.632114655582,True
DJI,2026-01-05 19:07:37.173477+00:00,49177.39,170.0,49007.39,1.194586579296248e-44,-1.177020789705631e-44,8.782894795308563e-47,1.1858036845009395e-44,False
RUT,2026-01-05 19:08:41.053055+00:00,2553.5997,2530.0,23.59970000000021,95.16998169929562,2.2988003833720043,48.73439104133381,46.435590657961804,True
NDX,2026-01-05 19:12:20.065842+00:00,25414.05462269751,25400.0,14.05462269750933,423.3208315711824,-77.08828815124878,173.1162717099668,250.20455986121559,True
DJI,2026-01-05 19:12:45.905108+00:00,49167.090000000004,170.0,48997.090000000004,1.1963016592953815e-44,-1.1963016592233807e-44,3.600033046604831e-55,1.196301659259381e-44,False
RUT,2026-01-05 19:13:47.689881+00:00,2552.083,2530.0,22.083000000000084,95.6200964903091,1.5822194890446823,48.601157989676885,47.0189385006322,True
NDX,2026-01-05 19:17:27.154996+00:00,25416.69627677578,25400.0,16.696276775779552,350.2975967244742,-80.01331850062292,135.14213911192564,215.15545761254856,True
DJI,2026-01-05 19:17:50.231722+00:00,49185.42,170.0,49015.42,1.2883734487389677e-44,-1.287109435140248e-44,6.320067993597362e-48,1.287741441939608e-44,False
RUT,2026-01-05 19:18:53.856043+00:00,2553.7569000000003,2530.0,23.756900000000314,95.12317787548284,2.372683838479155,48.74793085698099,46.37524701850184,True
SPX,2026-01-05 19:21:27.259303+00:00,6908.9400000000005,6910.0,-1.0599999999994907,2728.5455892969676,2133.9375361346856,2431.2415627158266,297.3040265811411,False
NDX,2026-01-05 19:22:32.220415+00:00,25414.19172765785,25400.0,14.191727657849697,419.1857627129224,-77.43876147928259,170.8735006168199,248.3122620961025,True
DJI,2026-01-05 19:22:55.535171+00:00,49177.1,170.0,49007.1,1.8348716405258333e-44,-7.405768285226423e-45,5.471474060015955e-45,1.2877242345242378e-44,False
RUT,2026-01-05 19:23:59.393063+00:00,2554.8111,2530.0,24.811099999999897,94.80858858338576,2.8662551355088794,48.83742185944732,45.97116672393844,True
SPX,2026-01-05 19:26:33.213741+00:00,6908.34,6910.0,-1.6599999999998545,2821.1444006569395,2200.2649977945116,2510.7046992257256,310.43970143121396,False
NDX,2026-01-05 19:27:37.994235+00:00,25410.32148973961,25400.0,10.321489739610115,547.5102404815855,-56.24485264952824,245.6326939160286,301.8775465655568,True
DJI,2026-01-05 19:28:01.002051+00:00,49175.39,170.0,49005.39,1.3412378296103347e-44,-1.3412378296103347e-44,1.056468233639712e-92,1.3412378296103347e-44,False
RUT,2026-01-05 19:29:03.463948+00:00,2555.7833,2530.0,25.783300000000054,94.51738156942929,3.3184815952406908,48.917931582334994,45.5994499870943,True
SPX,2026-01-05 19:31:06.562077+00:00,6908.1900000000005,6910.0,-1.8099999999994907,2846.959190941641,2217.810405653115,2532.384798297378,314.574392644263,False
NDX,2026-01-05 19:32:11.270050+00:00,25400.95132383756,25400.0,0.9513238375584478,852.0638368406277,114.52522464609194,483.2945307433598,368.7693060972679,True
DJI,2026-01-05 19:32:37.461728+00:00,49158.76,170.0,48988.76,1.7016999963667913e-44,-9.258054192096601e-45,3.879472885785655e-45,1.3137527077882256e-44,False
RUT,2026-01-05 19:33:40.897037+00:00,2556.0026000000003,2530.0,26.002600000000257,94.45155215002055,3.4200959367289485,48.93582404337475,45.5157281066458,True
SPX,2026-01-05 19:36:14.209854+00:00,6908.4800000000005,6910.0,-1.519999999999527,2798.060674518006,2184.2394205925025,2491.1500475552543,306.91062696275196,False
NDX,2026-01-05 19:37:19.345102+00:00,25395.99323600188,25400.0,-4.006763998120732,909.0828441432775,238.63129216293032,573.8570681531039,335.2257759901736,True
DJI,2026-01-05 19:37:45.776605+00:00,49132.36,170.0,48962.36,1.2862217414613734e-44,-1.286215097902097e-44,3.3217796381054715e-50,1.2862184196817352e-44,False
RUT,2026-01-05 19:38:49.815918+00:00,2554.8785000000003,2530.0,24.87850000000026,94.78843334770886,2.8976985468733645,48.84306594729111,45.945367400417744,True
SPX,2026-01-05 19:41:23.283438+00:00,6903.93,6905.0,-1.069999999999709,4075.739676833361,2648.3026535699173,3362.021165201639,713.7185116317219,False
NDX,2026-01-05 19:42:28.895352+00:00,25382.38099788867,25390.0,-7.619002111328882,577.3092142261949,262.3347746993671,419.82199446278094,157.48721976341386,True
DJI,2026-01-05 19:42:54.459770+00:00,49092.23,170.0,48922.23,1.2160361655337172e-44,-1.212346979362464e-44,1.8445930856264885e-47,1.2141915724480906e-44,False
RUT,2026-01-05 19:43:54.209946+00:00,2552.0245,2530.0,22.02449999999999,95.63740400181621,1.554445795746659,48.59592489878143,47.041479103034774,True
SPX,2026-01-05 19:46:27.362918+00:00,6903.96,6905.0,-1.0399999999999636,4063.954923107445,2647.231274015883,3355.593098561664,708.3618245457811,False
NDX,2026-01-05 19:47:32.036289+00:00,25381.86639376876,25390.0,-8.133606231240265,558.7789131401308,252.90677279064084,405.84284296538584,152.936070174745,True
DJI,2026-01-05 19:47:53.986354+00:00,49107.81,180.0,48927.81,3.487507490628019e-44,9.072699314333983e-45,2.1973887110307086e-44,1.2901187795973103e-44,False
RUT,2026-01-05 19:48:57.052665+00:00,2553.2497000000003,2530.0,23.249700000000303,95.27408763412856,2.1340391339096314,48.70406338401909,46.57002425010946,True
SPX,2026-01-05 19:51:30.685589+00:00,6903.17,6900.0,3.1700000000000728,4384.038299827516,2665.9912831557276,3525.014791491622,859.0235083358945,False
NDX,2026-01-05 19:52:35.587297+00:00,25384.33471051397,25390.0,-5.665289486030815,648.1113684314446,293.89574232472955,471.00355537808707,177.10781305335752,True
DJI,2026-01-05 19:52:56.881984+00:00,49072.04,170.0,48902.04,1.3316471448515318e-44,-1.1299851985065465e-44,1.0083097317249255e-45,1.2308161716790392e-44,False
RUT,2026-01-05 19:53:58.198779+00:00,2553.2381,2530.0,23.23810000000003,95.27753560458274,2.128572285735437,48.70305394515909,46.574481659423654,True
SPX,2026-01-05 19:56:31.628944+00:00,6902.29,6900.0,2.2899999999999636,4739.5660343438085,2665.1613159021226,3702.3636751229656,1037.2023592208427,False
NDX,2026-01-05 19:57:36.296559+00:00,25400.16086889173,25400.0,0.1608688917294785,868.265987716111,134.81833070980997,501.5421592129605,366.7238285031505,True
DJI,2026-01-05 19:57:58.876920+00:00,49068.98,170.0,48898.98,1.2886836941787375e-44,-1.2332965752595321e-44,2.7693559459602803e-46,1.2609901347191348e-44,False
RUT,2026-01-05 19:58:58.368693+00:00,2553.9295,2530.0,23.92950000000019,95.07175671779004,2.453720866078932,48.76273879193449,46.30901792585556,True
SPX,2026-01-05 20:01:32.238753+00:00,6902.17,6900.0,2.1700000000000728,4784.697067394943,2663.007332413844,3723.8521999043933,1060.8448674905496,False
NDX,2026-01-05 20:02:37.182900+00:00,25389.50893391284,25390.0,-0.4910660871610162,816.5711782130704,326.4937821983006,571.5324802056855,245.03869800738488,True
DJI,2026-01-05 20:03:01.141652+00:00,49088.0,170.0,48918.0,1.3694516916297192e-44,-1.3694510321036668e-44,3.297630262686704e-51,1.369451361866693e-44,False
RUT,2026-01-05 20:04:05.517369+00:00,2553.2355000000002,2530.0,23.23550000000023,95.27830840438102,2.1273469032907357,48.702827653835875,46.57548075054514,True
SPX,2026-01-05 20:06:10.296791+00:00,6902.41,6900.0,2.4099999999998545,4693.208892158073,2666.756958114397,3679.982925136235,1013.2259670218377,False
NDX,2026-01-05 20:07:15.216734+00:00,25389.59578083123,25390.0,-0.4042191687694867,818.8878449877427,326.2540471348904,572.5709460613166,246.31689892642618,True
DJI,2026-01-05 20:07:40.127483+00:00,49097.79,170.0,48927.79,1.4256930454666862e-44,-1.4256930454666807e-44,2.6998865096957634e-59,1.4256930454666834e-44,False
RUT,2026-01-05 20:08:46.020264+00:00,2553.4943000000003,2530.0,23.494300000000294,95.20134716446495,2.2492217894902993,48.72528447697763,46.47606268748733,True
SPX,2026-01-05 20:11:19.876102+00:00,6906.04,6905.0,1.0399999999999636,3351.552526245466,2487.4273786417,2919.489952443583,432.062573801883,False
NDX,2026-01-05 20:12:24.671845+00:00,25407.66191755355,25400.0,7.661917553548847,643.7307693053233,-25.238609919486464,309.24607969291844,334.4846896124049,True
DJI,2026-01-05 20:12:48.123618+00:00,49095.72,170.0,48925.72,1.4687325190431691e-44,-1.468654626711253e-44,3.894616595802536e-49,1.468693572877211e-44,False
RUT,2026-01-05 20:13:48.174064+00:00,2553.9411,2530.0,23.941100000000006,95.06829962831182,2.459163984176179,48.763731806243996,46.30456782206782,True
SPX,2026-01-05 20:16:21.300845+00:00,6908.01,6905.0,3.0100000000002183,2879.4749145317464,2239.363261813376,2559.4190881725613,320.05582635918506,False
NDX,2026-01-05 20:17:26.032719+00:00,25414.96506541872,25400.0,14.96506541872077,396.5440641812156,-78.96820022737072,158.78793197692247,237.75613220429318,True
DJI,2026-01-05 20:17:48.874362+00:00,49052.43,170.0,48882.43,1.3697329159212304e-44,-1.3696621662862223e-44,3.537481750396324e-49,1.3696975411037264e-44,False
RUT,2026-01-05 20:18:52.531537+00:00,2551.5106,2530.0,21.510600000000068,95.78926967162985,1.310037907225798,48.54965378942783,47.23961588220203,True
SPX,2026-01-05 20:21:26.241112+00:00,6904.53,6905.0,-0.47000000000025466,3847.7742754915853,2620.637385290157,3234.205830390871,613.568445100714,False
NDX,2026-01-05 20:22:31.386399+00:00,25412.73037496794,25400.0,12.730374967941316,465.0052924549762,-72.33226210992672,196.33651517252474,268.66877728245146,True
DJI,2026-01-05 20:22:54.542995+00:00,49038.44,170.0,48868.44,1.375133978904129e-44,-1.375133922599776e-44,2.815217663561437e-52,1.3751339507519525e-44,False
RUT,2026-01-05 20:23:55.531338+00:00,2551.5429,2530.0,21.542899999999918,95.77973375359528,1.325422117266534,48.55257793543091,47.22715581816438,True
SPX,2026-01-05 20:26:28.743969+00:00,6905.71,6905.0,0.7100000000000364,3450.521192082254,2523.909811590209,2987.2155018362314,463.3056902460226,False
NDX,2026-01-05 20:27:34.075218+00:00,25414.07737139049,25400.0,14.077371390489134,422.6322753777288,-77.148168394142,172.74205349179337,249.89022188593538,True
DJI,2026-01-05 20:27:58.379901+00:00,49050.17,170.0,48880.17,1.4609271173992217e-44,-1.4607538833378553e-44,8.661703068327482e-49,1.4608405003685385e-44,False
RUT,2026-01-05 20:28:58.161056+00:00,2552.757,2530.0,22.757000000000062,95.4204007989155,1.901490799245117,48.6609457990803,46.759454999835185,True
SPX,2026-01-05 20:30:31.170263+00:00,6905.28,6905.0,0.27999999999974534,3587.406205845877,2565.711331501719,3076.558768673798,510.8474371720791,False
NDX,2026-01-05 20:31:35.888284+00:00,25411.9643543146,25400.0,11.964354314601223,490.42962597085375,-68.33385635839201,211.04788480623088,279.3817411646229,True
DJI,2026-01-05 20:31:59.895934+00:00,49066.29,170.0,48896.29,1.533859321059443e-44,-1.5336079612361847e-44,1.2567991162905658e-48,1.5337336411478138e-44,False
RUT,2026-01-05 20:33:02.628531+00:00,2551.5459,2530.0,21.545900000000074,95.77884800141871,1.3268508382733089,48.55284941984601,47.2259985815727,True
SPX,2026-01-05 20:34:35.707194+00:00,6906.66,6905.0,1.6599999999998545,3180.3353627019487,2411.5004972229026,2795.9179299624257,384.4174327395233,False
NDX,2026-01-05 20:35:40.231956+00:00,25410.4181549994,25400.0,10.418154999399121,544.0743379463253,-57.09780187502727,243.48826803564899,300.58606991067626,True
DJI,2026-01-05 20:36:02.793798+00:00,49041.700000000004,170.0,48871.700000000004,1.5548152067711414e-44,-1.4604523626921128e-44,4.718142203951431e-46,1.507633784731627e-44,False
RUT,2026-01-05 20:37:06.208518+00:00,2551.2495,2530.0,21.249499999999898,95.86630831741527,1.1855676992879722,48.52593800835162,47.34037030906365,True
SPX,2026-01-05 20:38:39.826756+00:00,6906.26,6905.0,1.2600000000002183,3288.556226553093,2461.3835671798292,2874.969896866461,413.58632968663204,False
NDX,2026-01-05 20:39:44.692582+00:00,25415.96302237479,25400.0,15.963022374791763,369.11424801007763,-79.92979272745683,144.5922276413104,224.52202036876722,True
DJI,2026-01-05 20:40:08.450176+00:00,49042.44,170.0,48872.44,1.5460417085167783e-44,-1.5429656359883252e-44,1.5380362642266033e-47,1.5445036722525517e-44,False
RUT,2026-01-05 20:41:12.001039+00:00,2550.2048,2530.0,20.204799999999977,96.1737271327868,0.6855859772900743,48.429656555038434,47.74407057774836,True
SPX,2026-01-05 20:42:46.172973+00:00,6904.7,6905.0,-0.3000000000001819,3786.324077675892,2610.243265944807,3198.2836718103495,588.0404058655424,False
NDX,2026-01-05 20:43:51.886305+00:00,25416.35946613316,25400.0,16.359466133159003,358.79778478421747,-80.03449664304699,139.38164407058525,219.41614071363225,True
DJI,2026-01-05 20:44:16.337957+00:00,49025.64,180.0,48845.64,1.987295764931216e-42,1.956943137133833e-42,1.9721194510325245e-42,1.517631389869146e-44,False
RUT,2026-01-05 20:45:19.873162+00:00,2548.6413000000002,2530.0,18.64130000000023,96.6312929628589,-0.06847153950069185,48.2814107116791,48.34988225117979,True
SPX,2026-01-05 20:46:52.855200+00:00,6905.88,6905.0,0.8800000000001091,3398.8733582104196,2505.542686212113,2952.2080222112663,446.66533599915317,False
NDX,2026-01-05 20:47:58.351988+00:00,25422.47580103361,25420.0,2.4758010336117877,242.38224528555372,-70.44889903947431,85.96667312303971,156.41557216251402,True
DJI,2026-01-05 20:48:29.331293+00:00,49025.36,170.0,48855.36,1.6195618714067055e-44,-1.479427444670253e-44,7.00672133682261e-46,1.5494946580384793e-44,False
RUT,2026-01-05 20:49:33.417681+00:00,2549.525,2530.0,19.52500000000009,96.37304954868142,0.3585724068817555,48.365810977781585,48.00723857089983,True
SPX,2026-01-05 20:51:06.447203+00:00,6903.95,6905.0,-1.050000000000182,4067.879005722484,2647.5918231854084,3357.7354144539463,710.1435912685378,False
NDX,2026-01-05 20:52:12.021235+00:00,25415.51383864272,25400.0,15.513838642720657,381.2048526352782,-79.6273983490616,150.7887271431083,230.4161254921699,True
DJI,2026-01-05 20:52:38.218733+00:00,49002.28,180.0,48822.28,2.84029834491568e-35,2.840298341913306e-35,2.840298343414493e-35,1.5011869883062605e-44,False
RUT,2026-01-05 20:53:41.869921+00:00,2549.4171,2530.0,19.41710000000012,96.40463378547915,0.3065477069683311,48.35559074622374,48.04904303925541,True
SPX,2026-01-05 20:55:15.070563+00:00,6899.88,6900.0,-0.11999999999989086,5112.049129325395,2434.189677649363,3773.1194034873793,1338.9297258380163,False
NDX,2026-01-05 20:56:19.558987+00:00,25388.54525692525,25390.0,-1.4547430747516046,789.382516227666,327.2956120093113,558.3390641184886,231.0434521091773,True
DJI,2026-01-05 20:56:46.022470+00:00,48964.700000000004,170.0,48794.700000000004,1.4342761911021304e-44,-1.4341149968630027e-44,8.059711956377781e-49,1.4341955939825666e-44,False
RUT,2026-01-05 20:57:49.404143+00:00,2547.6221,2530.0,17.622100000000046,96.92789769207994,-0.5636959420216741,48.18210087502913,48.7457968170508,True
SPX,2026-01-05 20:59:22.456826+00:00,6899.63,6900.0,-0.36999999999989086,5059.202739360225,2378.8331431409842,3719.0179412506045,1340.1847981096203,False
SPX,2026-01-06 16:04:29.300219+00:00,6914.12,6915.0,-0.8800000000001091,2206.2456465326013,751.2262996816072,1478.7359731071042,727.509673425497,False
NDX,2026-01-06 16:05:34.210892+00:00,25488.76977983463,25490.0,-1.2302201653692464,370.74301269993737,215.0640028777275,292.9035077888324,77.83950491110492,True
DJI,2026-01-06 16:06:09.509052+00:00,49126.700000000004,170.0,48956.700000000004,2.5560240058241372e-45,-2.555988874957469e-45,1.756543333423764e-50,2.556006440390803e-45,False
RUT,2026-01-06 16:07:13.236217+00:00,2548.9185,2530.0,18.918500000000222,99.21696654354342,2.3875255787594085,50.802246061151415,48.414720482392006,True
SPX,2026-01-06 16:08:46.331542+00:00,6910.33,6910.0,0.32999999999992724,2715.547374694547,430.52123684456524,1573.0343057695563,1142.513068924991,False
NDX,2026-01-06 16:09:51.831202+00:00,25471.56053249756,25470.0,1.5605324975585972,335.72592643799663,74.11847212112895,204.9221992795628,130.80372715843384,True
DJI,2026-01-06 16:10:27.588690+00:00,49134.96,170.0,48964.96,2.7513133941985377e-45,-2.751313392449449e-45,8.745443863726317e-55,2.7513133933239934e-45,False
RUT,2026-01-06 16:11:30.987995+00:00,2549.4049,2530.0,19.404899999999998,99.0718304635775,2.63766982425323,50.85475014391537,48.21708031966214,True
SPX,2026-01-06 16:13:04.684627+00:00,6915.16,6915.0,0.15999999999985448,2102.0567580223733,847.8056635478868,1474.9312107851301,627.1255472372434,False
NDX,2026-01-06 16:14:09.837241+00:00,25497.98174383057,25490.0,7.98174383056903,342.93792597625537,178.1973323044977,260.56762914037654,82.37029683587885,True
DJI,2026-01-06 16:14:39.952528+00:00,49169.96,170.0,48999.96,3.0734220001651586e-45,-3.0734220001651573e-45,4.031283450793612e-61,3.073422000165158e-45,False
RUT,2026-01-06 16:15:43.731780+00:00,2550.8883,2530.0,20.888300000000072,98.62710936593436,3.3958611625651614,51.01148526424976,47.615624101684595,True
SPX,2026-01-06 16:17:16.744523+00:00,6915.2300000000005,6915.0,0.23000000000047294,2096.3838839601617,853.9153571182047,1475.1496205391832,621.2342634209784,False
NDX,2026-01-06 16:18:21.737992+00:00,25487.79795347718,25490.0,-2.202046522819728,369.83118583716913,214.4857155762034,292.15845070668627,77.67273513048288,True
DJI,2026-01-06 16:18:52.558603+00:00,49168.01,170.0,48998.01,3.031776046809773e-45,-3.022503272365792e-45,4.6363872219906204e-48,3.0271396595877826e-45,False
SPX,2026-01-06 16:30:57.134336+00:00,6915.92,6915.0,0.9200000000000728,2049.5251472391833,912.0552291970689,1480.790188218126,568.7349590210572,False
NDX,2026-01-06 16:32:02.106674+00:00,25504.1264280219,25500.0,4.12642802190021,298.2910701191473,146.59726682971737,222.44416847443233,75.84690164471496,True
DJI,2026-01-06 16:32:34.551305+00:00,49201.950000000004,170.0,49031.950000000004,3.6508936482186833e-45,-3.6508936482186833e-45,2.287049502423174e-81,3.6508936482186833e-45,False
RUT,2026-01-06 16:33:38.286597+00:00,2550.4431,2530.0,20.44309999999996,98.760907046053,3.1690579068896128,50.964982476471306,47.79592456958169,True
SPX,2026-01-06 16:35:11.831054+00:00,6917.35,6915.0,2.350000000000364,2006.597104674077,1028.146045934317,1517.371575304197,489.22552936987984,False
NDX,2026-01-06 16:36:16.623937+00:00,25510.13068835357,25510.0,0.1306883535689849,256.84774221662326,134.24439075206442,195.54606648434384,61.301675732279406,True
DJI,2026-01-06 16:36:47.649363+00:00,49212.85,170.0,49042.85,3.841930398218436e-45,-3.8419303977566134e-45,2.3091114884865525e-55,3.8419303979875246e-45,False
RUT,2026-01-06 16:37:51.149652+00:00,2549.7541,2530.0,19.754100000000108,98.96742272118131,2.8167895019982865,50.8921061115898,48.07531660959151,True
SPX,2026-01-06 16:39:24.376569+00:00,6916.07,6915.0,1.069999999999709,2041.5430170775276,924.3252858286816,1482.9341514531045,558.608865624423,False
NDX,2026-01-06 16:40:29.030500+00:00,25508.68514230326,25500.0,8.685142303260363,265.8867665662964,135.70988157203465,200.79832406916552,65.08844249713087,True
DJI,2026-01-06 16:40:57.899482+00:00,49192.31,170.0,49022.31,3.8149056289852694e-45,-3.6961138517173824e-45,5.939588863394334e-47,3.755509740351326e-45,False
RUT,2026-01-06 16:42:01.349351+00:00,2548.6369,2530.0,18.63689999999997,99.30083544586068,2.242361653999204,50.77159854992995,48.529236895930744,True
SPX,2026-01-06 16:43:34.550880+00:00,6915.54,6915.0,0.5399999999999636,2073.288566149863,880.4570750960637,1476.8728206229634,596.4157455268997,False
NDX,2026-01-06 16:44:39.241082+00:00,25486.32516404487,25490.0,-3.6748359551311296,367.36358512533724,211.42670140452475,289.395143264931,77.96844186040624,True
DJI,2026-01-06 16:45:04.855350+00:00,49191.270000000004,170.0,49021.270000000004,3.885646503398115e-45,-3.885646503398115e-45,2.7783690881952883e-62,3.885646503398115e-45,False
RUT,2026-01-06 16:46:08.324170+00:00,2549.0425,2530.0,19.042500000000018,99.17999897508906,2.4513674194975152,50.81568319729329,48.364315777795774,True
SPX,2026-01-06 16:47:41.538961+00:00,6914.25,6915.0,-0.75,2191.178474199838,763.8832053443773,1477.5308397721078,713.6476344277305,False
NDX,2026-01-06 16:48:46.539660+00:00,25501.34093790124,25500.0,1.3409379012409772,319.3996865082543,158.9733230253857,239.18650476682,80.21318174143433,True
DJI,2026-01-06 16:49:10.585550+00:00,49214.79,170.0,49044.79,4.280377066244049e-45,-4.280377024760556e-45,2.0741746830683492e-53,4.2803770455023025e-45,False
RUT,2026-01-06 16:50:14.428385+00:00,2549.704,2530.0,19.70400000000018,98.98241293620636,2.791115061104577,50.88676399865547,48.09564893755089,True
SPX,2026-01-06 16:51:47.508651+00:00,6919.72,6920.0,-0.27999999999974534,2072.0534870714023,1217.5834439766447,1644.8184655240236,427.23502154737884,False
NDX,2026-01-06 16:52:52.669232+00:00,25511.73908640293,25510.0,1.739086402929388,247.60808082292706,133.23337665528786,190.42072873910746,57.18735208381961,True
DJI,2026-01-06 16:53:18.535637+00:00,49240.78,170.0,49070.78,4.56001537331931e-45,-4.56001481668338e-45,2.783179645729265e-52,4.560015095001345e-45,False
RUT,2026-01-06 16:54:22.482397+00:00,2550.4252,2530.0,20.42520000000013,98.76628077291053,3.159925469451885,50.96310312118121,47.80317765172933,True
SPX,2026-01-06 16:56:25.768685+00:00,6916.18,6915.0,1.180000000000291,2036.1993452640838,933.2738985569342,1484.736621910509,551.4627233535748,False
NDX,2026-01-06 16:57:30.657241+00:00,25491.58518892877,25490.0,1.5851889287696395,369.44058008193167,210.6731289983676,290.05685454014963,79.38372554178203,True
DJI,2026-01-06 16:57:59.402128+00:00,49241.04,170.0,49071.04,4.8338864787922753e-45,-4.8338864787922753e-45,6.875556614173416e-68,4.8338864787922753e-45,False
RUT,2026-01-06 16:59:03.082234+00:00,2549.5535,2530.0,19.553499999999985,99.0274217791531,2.7139408602849215,50.87068131971901,48.15674045943409,True
SPX,2026-01-06 17:01:06.427326+00:00,6920.12,6920.0,0.11999999999989086,2092.1798552808714,1246.2083604391871,1669.1941078600291,422.9857474208421,False
NDX,2026-01-06 17:02:11.466042+00:00,25504.98675029489,25500.0,4.986750294890953,291.8356234867495,143.6635844667784,217.74960397676395,74.08601950998556,True
DJI,2026-01-06 17:02:45.036939+00:00,49256.99,180.0,49076.99,2.945061585979662e-37,2.94506148628382e-37,2.945061536131741e-37,4.9847920953247264e-45,False
RUT,2026-01-06 17:03:48.666284+00:00,2549.8836,2530.0,19.883600000000115,98.92865892308217,2.8831162482062282,50.9058875856442,48.02277133743797,True
SPX,2026-01-06 17:06:21.925042+00:00,6919.9400000000005,6920.0,-0.05999999999949068,2082.9294785306947,1233.4731207400207,1658.2012996353576,424.72817889533695,False
NDX,2026-01-06 17:07:27.246495+00:00,25520.29933977982,25520.0,0.29933977982000215,209.64643233393429,123.74461220117549,166.69552226755488,42.95091006637939,True
DJI,2026-01-06 17:07:53.279270+00:00,49285.96,170.0,49115.96,5.643143296051113e-45,-5.643143168784549e-45,6.363328269799119e-53,5.643143232417831e-45,False
RUT,2026-01-06 17:08:56.898414+00:00,2552.8071,2530.0,22.80709999999999,98.04730884243651,4.36595216357086,51.20663050300369,46.84067833943283,True
SPX,2026-01-06 17:11:30.170090+00:00,6923.56,6925.0,-1.4399999999995998,2367.982867412346,1514.8207451342055,1941.4018062732757,426.58106113907036,False
NDX,2026-01-06 17:12:35.393056+00:00,25524.09764537383,25520.0,4.097645373829437,195.59923579693216,112.32674150834194,153.96298865263705,41.63624714429511,True
DJI,2026-01-06 17:12:58.436507+00:00,49303.66,170.0,49133.66,6.032460115338748e-45,-6.026322335636723e-45,3.068889851012248e-48,6.029391225487735e-45,False
RUT,2026-01-06 17:14:02.239733+00:00,2552.1730000000002,2530.0,22.17300000000023,98.23946996117854,4.046711790936264,51.14309087605741,47.09637908512114,True
SPX,2026-01-06 17:16:05.567283+00:00,6924.81,6925.0,-0.18999999999959982,2505.4400183185344,1651.3238380357054,2078.38192817712,427.05809014141437,False
NDX,2026-01-06 17:17:10.467700+00:00,25530.1138759637,25530.0,0.11387596369968378,174.07025559002523,90.27414960334085,132.17220259668304,41.89805299334219,True
DJI,2026-01-06 17:17:36.780718+00:00,49319.79,170.0,49149.79,6.400790905773773e-45,-6.29539221199632e-45,5.269934688872596e-47,6.348091558885047e-45,False
RUT,2026-01-06 17:18:40.866851+00:00,2552.3423000000003,2530.0,22.34230000000025,98.18821752486663,4.13207704028315,51.16014728257489,47.02807024229174,True
SPX,2026-01-06 17:21:14.190766+00:00,6927.4400000000005,6930.0,-2.5599999999994907,2781.526676752954,2013.2721854919218,2397.399431122438,384.12724563051586,False
NDX,2026-01-06 17:22:19.136873+00:00,25541.78506098625,25540.0,1.7850609862507554,142.79207985822924,75.96712629528207,109.37960307675566,33.41247678147359,True
DJI,2026-01-06 17:22:45.471078+00:00,49345.66,170.0,49175.66,7.02377984424231e-45,-7.01751845877018e-45,3.13069273606518e-48,7.020649151506244e-45,False
RUT,2026-01-06 17:23:49.068121+00:00,2552.2065000000002,2530.0,22.206500000000233,98.22933154404024,4.063610843179042,51.14647119360964,47.0828603504306,True
SPX,2026-01-06 17:26:22.994585+00:00,6930.55,6930.0,0.5500000000001819,2929.439867168475,2308.959823674327,2619.199845421401,310.2400217470738,False
NDX,2026-01-06 17:27:28.038500+00:00,25556.09503700407,25550.0,6.095037004070036,129.0066543166582,96.54202121980185,112.77433776823003,16.232316548428166,True
DJI,2026-01-06 17:27:50.424978+00:00,49346.07,170.0,49176.07,7.32563675851388e-45,-7.32562598421359e-45,5.387150144478348e-51,7.325631371363735e-45,False
RUT,2026-01-06 17:28:54.807979+00:00,2552.8659000000002,2530.0,22.865900000000238,98.02946235335321,4.395487605948155,51.212474979650686,46.81698737370253,True
SPX,2026-01-06 17:31:28.579015+00:00,6929.97,6930.0,-0.02999999999974534,2946.342455354419,2297.494637012157,2621.918546183288,324.4239091711313,False
NDX,2026-01-06 17:32:33.635209+00:00,25560.96946090912,25560.0,0.9694609091202437,127.71435931408445,100.77515529333903,114.24475730371174,13.469602010372707,True
DJI,2026-01-06 17:32:58.439149+00:00,49359.28,170.0,49189.28,7.893727544231505e-45,-7.885365217851308e-45,4.1811631900979726e-48,7.889546381041406e-45,False
RUT,2026-01-06 17:34:02.292712+00:00,2553.2308000000003,2530.0,23.230800000000272,97.91860770098985,4.578520296531622,51.24856399876074,46.670043702229115,True
SPX,2026-01-06 17:36:05.751888+00:00,6933.79,6935.0,-1.2100000000000364,2583.3078411651036,2118.1809616522073,2350.7444014086554,232.56343975644822,False
NDX,2026-01-06 17:37:10.814205+00:00,25578.34841830967,25580.0,-1.6515816903302039,132.36694705382206,99.6537151019056,116.01033107786384,16.356615975958235,True
DJI,2026-01-06 17:37:36.126449+00:00,49368.01,170.0,49198.01,8.227534037104774e-45,-8.227534037104771e-45,1.7010089694094416e-60,8.227534037104773e-45,False
RUT,2026-01-06 17:38:39.865371+00:00,2553.8006,2530.0,23.80060000000003,97.7451525744496,4.863438653364348,51.30429561390698,46.44085696054263,True
SPX,2026-01-06 17:41:13.334320+00:00,6934.2,6935.0,-0.8000000000001819,2536.6793584171346,2087.744273074117,2312.2118157456257,224.46754267150914,False
NDX,2026-01-06 17:42:18.371283+00:00,25582.01940818142,25580.0,2.0194081814188394,140.18286411674563,100.2284349082744,120.20564951251,19.977214604235613,True
DJI,2026-01-06 17:42:43.511407+00:00,49364.5,170.0,49194.5,8.420842231612555e-45,-8.420842231612555e-45,7.685253589805136e-69,8.420842231612555e-45,False
RUT,2026-01-06 17:43:48.091318+00:00,2553.4642000000003,2530.0,23.464200000000346,97.84760926156733,4.695359542159551,51.27148440186344,46.57612485970389,True
SPX,2026-01-06 17:46:22.422214+00:00,6933.87,6935.0,-1.1300000000001091,2574.0986259479505,2112.2043223822366,2343.1514741650935,230.94715178285688,False
NDX,2026-01-06 17:47:27.858820+00:00,25584.05293231346,25600.0,-15.947067686538503,147.4995410559411,102.24711300759483,124.87332703176797,22.626214024173137,True
DJI,2026-01-06 17:47:53.520531+00:00,49387.31,170.0,49217.31,9.021174278950096e-45,-9.021174278950096e-45,2.9610674100654757e-67,9.021174278950096e-45,False
RUT,2026-01-06 17:48:57.180546+00:00,2555.0413000000003,2530.0,25.04130000000032,97.36600170907133,5.480037996883119,51.42301985297722,45.9429818560941,True
SPX,2026-01-06 17:51:30.395536+00:00,6933.9800000000005,6935.0,-1.019999999999527,2561.527458573643,2104.018631054138,2332.7730448138905,228.75441375975262,False
NDX,2026-01-06 17:52:35.810233+00:00,25571.39153629678,25570.0,1.391536296778213,128.29104992985333,102.60543654949359,115.44824323967346,12.842806690179874,True
DJI,2026-01-06 17:53:00.613597+00:00,49408.450000000004,170.0,49238.450000000004,9.77975627874295e-45,-9.779756278742848e-45,5.076150597833433e-59,9.779756278742899e-45,False
RUT,2026-01-06 17:54:03.586423+00:00,2555.9401000000003,2530.0,25.940100000000257,97.0901058509439,5.923443929221229,51.50677489008257,45.58333096086134,True
SPX,2026-01-06 17:56:07.155477+00:00,6935.31,6935.0,0.3100000000004002,2415.3368313790816,2006.3431863010774,2210.8400088400795,204.49682253900218,False
NDX,2026-01-06 17:57:12.394076+00:00,25577.15066269693,25580.0,-2.8493373030687508,130.97100931390332,100.02660858241417,115.49880894815875,15.472200365744584,True
DJI,2026-01-06 17:57:38.134473+00:00,49408.99,170.0,49238.99,1.0132991664531173e-44,-1.0132986998017094e-44,2.3332570400762444e-51,1.0132989331274134e-44,False
RUT,2026-01-06 17:58:41.784477+00:00,2556.4503,2530.0,26.45029999999997,96.93304525376521,6.17390492137055,51.55347508756788,45.37957016619733,True
SPX,2026-01-06 18:01:14.982631+00:00,6935.03,6935.0,0.02999999999974534,2445.495362022778,2026.8758532199026,2236.1856076213403,209.30975440143754,False
NDX,2026-01-06 18:02:20.029202+00:00,25576.06007239946,25580.0,-3.9399276005387946,130.0491226564764,100.49095262048371,115.27003763848006,14.779085017996357,True
DJI,2026-01-06 18:02:48.965786+00:00,49385.62,170.0,49215.62,1.0144913356128137e-44,-1.0144913240642555e-44,5.774279149921308e-53,1.0144913298385346e-44,False
RUT,2026-01-06 18:03:53.134238+00:00,2555.9544,2530.0,25.954400000000078,97.08570812314875,5.930476142110905,51.50809213262983,45.57761599051892,True
SPX,2026-01-06 18:06:26.529972+00:00,6933.13,6935.0,-1.8699999999998909,2661.521513693047,2168.2590257763945,2414.8902697347207,246.63124395832602,False
NDX,2026-01-06 18:07:31.357989+00:00,25565.4184080152,25570.0,-4.581591984799161,127.64244737190836,102.86359668060737,115.25302202625787,12.389425345650496,True
DJI,2026-01-06 18:07:57.120766+00:00,49388.46,170.0,49218.46,1.0395989524837857e-44,-1.0379354478367205e-44,8.317523235326488e-48,1.0387672001602531e-44,False
RUT,2026-01-06 18:09:01.046705+00:00,2556.742,2530.0,26.74200000000019,96.84310368233389,6.316697931895227,51.579900807114555,45.26320287521933,True
SPX,2026-01-06 18:11:05.317488+00:00,6933.96,6935.0,-1.0399999999999636,2563.80546166224,2105.5042975886495,2334.6548796254447,229.15058203679536,False
NDX,2026-01-06 18:12:11.338118+00:00,25572.46303614499,25570.0,2.463036144989019,128.5053443274053,102.19787784130658,115.35161108435594,13.153733243049365,True
DJI,2026-01-06 18:12:38.989615+00:00,49414.22,170.0,49244.22,1.146459991995433e-44,-1.146459991995433e-44,6.069374407157513e-109,1.146459991995433e-44,False
RUT,2026-01-06 18:13:45.267287+00:00,2558.1094000000003,2530.0,28.109400000000278,96.420110271709,6.982114083562514,51.701112177635764,44.71899809407325,True
SPX,2026-01-06 18:16:20.657243+00:00,6935.46,6935.0,0.4600000000000364,2399.289375639232,1995.3431721467073,2197.3162738929695,201.97310174626216,False
NDX,2026-01-06 18:17:25.524459+00:00,25587.84882148025,25600.0,-12.151178519750829,167.71298308847892,110.28718664374836,139.00008486611364,28.71289822236529,True
DJI,2026-01-06 18:17:51.029993+00:00,49427.9,170.0,49257.9,1.1950755168264074e-44,-1.185926212620325e-44,4.5746521030411905e-47,1.1905008647233662e-44,False
RUT,2026-01-06 18:18:54.861036+00:00,2560.3269,2530.0,30.326900000000023,95.72948040884657,8.047185293305695,51.88833285107613,43.841147557770434,True
SPX,2026-01-06 18:21:28.034745+00:00,6936.9800000000005,6935.0,1.980000000000473,2246.842778834602,1889.0790463315548,2067.9609125830784,178.88186625152366,False
NDX,2026-01-06 18:22:33.169924+00:00,25591.15852355282,25600.0,-8.841476447181776,191.3524726643478,121.88551371751456,156.61899319093118,34.73347947341662,True
DJI,2026-01-06 18:22:58.065357+00:00,49408.23,170.0,49238.23,1.202754192365962e-44,-1.2027541923613207e-44,2.320641814467287e-56,1.2027541923636413e-44,False
RUT,2026-01-06 18:24:04.290294+00:00,2560.2867,2530.0,30.28670000000011,95.74205034202083,8.028033293017067,51.885041817518946,43.85700852450188,True
SPX,2026-01-06 18:26:07.679090+00:00,6936.39,6935.0,1.3900000000003274,2302.785108480009,1928.3433338659563,2115.564221172983,187.22088730702646,False
NDX,2026-01-06 18:27:12.497542+00:00,25585.59023184972,25600.0,-14.409768150278978,154.66130642746577,104.80231789224484,129.7318121598553,24.929494267610472,True
DJI,2026-01-06 18:27:36.884876+00:00,49417.17,170.0,49247.17,1.2727940911634006e-44,-1.2723697009864792e-44,2.1219508846073117e-48,1.27258189607494e-44,False
RUT,2026-01-06 18:28:40.405455+00:00,2560.7816000000003,2530.0,30.781600000000253,95.58717742770975,8.263407781007714,51.92529260435873,43.661884823351016,True
SPX,2026-01-06 18:31:13.463397+00:00,6934.87,6935.0,-0.13000000000010914,2462.84260854797,2038.5981148415228,2250.7203616947463,212.12224685322357,False
NDX,2026-01-06 18:32:19.505165+00:00,25578.35579305724,25580.0,-1.6442069427612296,132.37698411539992,99.6520189312242,116.01450152331206,16.362482592087865,True
DJI,2026-01-06 18:32:47.001150+00:00,49413.3,170.0,49243.3,1.3116107298658568e-44,-1.2901148373339539e-44,1.0747946265951448e-46,1.3008627835999054e-44,False
RUT,2026-01-06 18:33:50.563667+00:00,2562.8866000000003,2530.0,32.88660000000027,94.92546850604054,9.25462960600283,52.090049056021684,42.835419450018854,True
SPX,2026-01-06 18:36:24.395131+00:00,6934.18,6935.0,-0.819999999999709,2538.9231972274274,2089.219149190435,2314.071173208931,224.852024018496,False
NDX,2026-01-06 18:37:31.302986+00:00,25579.18512612212,25580.0,-0.814873877880018,133.6323299145301,99.51917615206754,116.57575303329881,17.056576881231265,True
DJI,2026-01-06 18:37:57.150990+00:00,49425.67,170.0,49255.67,1.39418710398999e-44,-1.3941871039844027e-44,2.793578037783552e-56,1.3941871039871963e-44,False
RUT,2026-01-06 18:39:01.042417+00:00,2563.2867,2530.0,33.28670000000011,94.79916660547926,9.441200922771628,52.12018376412544,42.678982841353815,True
SPX,2026-01-06 18:41:05.436546+00:00,6935.89,6935.0,0.8900000000003274,2353.8561929570174,1963.9566981164103,2158.906445536714,194.94974742030357,False
NDX,2026-01-06 18:42:13.161210+00:00,25579.56759797397,25580.0,-0.43240202602828504,134.3014421529102,99.50105250546594,116.90124732918807,17.400194823722128,True
DJI,2026-01-06 18:42:42.342296+00:00,49439.44,170.0,49269.44,1.4696356906542843e-44,-1.4696354798441037e-44,1.0540509014619288e-51,1.469635585249194e-44,False
RUT,2026-01-06 18:43:46.448524+00:00,2562.9525000000003,2530.0,32.95250000000033,94.9046768813929,9.285400031496543,52.095038456444726,42.80963842494818,True
SPX,2026-01-06 18:53:23.659930+00:00,6941.29,6940.0,1.2899999999999636,2080.8384569231034,1738.0629139355965,1909.45068542935,171.38777149375358,False
NDX,2026-01-06 18:54:27.648210+00:00,25613.77898553909,25620.0,-6.221014460908918,373.8419233628175,267.5384757726114,320.69019956771444,53.15172379510309,True
DJI,2026-01-06 18:54:49.990407+00:00,49433.200000000004,170.0,49263.200000000004,1.5892554255734954e-44,-1.589252901731766e-44,1.261920864746166e-50,1.5892541636526307e-44,False
RUT,2026-01-06 18:55:50.973650+00:00,2565.1600000000003,2530.0,35.16000000000031,94.20565012185611,10.306868557411697,52.2562593396339,41.9493907822222,True
SPX,2026-01-06 18:57:23.495425+00:00,6941.610000000001,6940.0,1.610000000000582,2090.860972376202,1737.2017789304077,1914.0313756533048,176.82959672289724,False
NDX,2026-01-06 18:58:29.375626+00:00,25610.82357625621,25620.0,-9.1764237437892,342.8308260120355,242.7179344283391,292.7743802201873,50.05644579184819,True
DJI,2026-01-06 18:58:53.454526+00:00,49451.020000000004,170.0,49281.020000000004,1.6768180637295615e-44,-1.6768180621321801e-44,7.986906361196738e-54,1.6768180629308708e-44,False
RUT,2026-01-06 18:59:57.850251+00:00,2565.8740000000003,2530.0,35.87400000000025,93.9785234896716,10.633372076146252,52.30594778290893,41.67257570676268,True
SPX,2026-01-06 19:01:31.075623+00:00,6943.62,6945.0,-1.3800000000001091,2359.1062129588367,1856.1263070723496,2107.616260015593,251.4899529432435,False
NDX,2026-01-06 19:02:36.223300+00:00,25618.42653234585,25620.0,-1.5734676541505905,425.78534765742523,299.5819187461506,362.6836332017879,63.10171445563729,True
DJI,2026-01-06 19:03:03.198701+00:00,49470.15,170.0,49300.15,1.7966906448737312e-44,-1.7960368921533624e-44,3.26876360184479e-48,1.7963637685135468e-44,False
RUT,2026-01-06 19:04:07.007629+00:00,2565.7443000000003,2530.0,35.744300000000294,94.01981809069123,10.574203909116278,52.297010999903755,41.72280709078748,True
SPX,2026-01-06 19:06:10.380062+00:00,6943.18,6945.0,-1.819999999999709,2260.4742171295534,1805.323851829582,2032.8990344795677,227.57518264998575,False
NDX,2026-01-06 19:07:15.667052+00:00,25617.85748480778,25620.0,-2.1425151922194345,419.6723935031695,296.5739221179821,358.1231578105758,61.549235692593705,True
DJI,2026-01-06 19:07:39.948312+00:00,49475.880000000005,170.0,49305.880000000005,1.8797122475797839e-44,-1.8797028187664943e-44,4.714406644696545e-50,1.879707533173139e-44,False
RUT,2026-01-06 19:08:43.606791+00:00,2566.987,2530.0,36.98700000000008,93.62350752979033,11.138510017362591,52.38100877357646,41.24249875621387,True
SPX,2026-01-06 19:11:16.917145+00:00,6944.21,6945.0,-0.7899999999999636,2537.906061282292,1953.0751565440064,2245.490608913149,292.41545236914277,False
NDX,2026-01-06 19:12:21.978984+00:00,25611.10430502883,25620.0,-8.895694971168268,345.5963000161944,245.08580287488283,295.3410514455386,50.25524857065577,True
DJI,2026-01-06 19:12:48.134276+00:00,49491.700000000004,170.0,49321.700000000004,1.9802362203538317e-44,-1.9729020523146325e-44,3.6670840195996025e-47,1.976569136334232e-44,False
RUT,2026-01-06 19:13:52.105078+00:00,2568.652,2530.0,38.652000000000044,93.09030061901296,11.885405984247,52.48785330162998,40.60244731738298,True
SPX,2026-01-06 19:16:25.629890+00:00,6946.58,6950.0,-3.4200000000000728,3871.8857950377696,2718.607521360136,3295.246658198953,576.6391368388167,False
NDX,2026-01-06 19:17:30.787449+00:00,25620.8839842221,25620.0,0.8839842220986611,449.6083396056302,308.19433542125995,378.90133751344507,70.70700209218512,True
DJI,2026-01-06 19:17:55.943359+00:00,49480.020000000004,170.0,49310.020000000004,2.346240272621947e-44,-1.706178205908164e-44,3.200310333568915e-45,2.0262092392650555e-44,False
RUT,2026-01-06 19:18:59.623113+00:00,2569.8585000000003,2530.0,39.85850000000028,92.70240552717473,12.419998352854165,52.56120194001445,40.141203587160284,True
SPX,2026-01-06 19:21:02.908753+00:00,6946.24,6950.0,-3.7600000000002183,3624.6721000235034,2574.6724992459735,3099.6722996347385,524.999800388765,False
NDX,2026-01-06 19:22:08.170499+00:00,25623.81240967717,25620.0,3.8124096771716722,469.5842141180047,307.28094013078845,388.4325771243966,81.15163699360811,True
DJI,2026-01-06 19:22:32.531269+00:00,49472.94,170.0,49302.94,2.0699925691100113e-44,-2.0676125952281088e-44,1.1899869409513825e-47,2.06880258216906e-44,False
RUT,2026-01-06 19:23:36.248999+00:00,2570.6454000000003,2530.0,40.645400000000336,92.44875285504926,12.765644629921681,52.60719874248547,39.84155411256379,True
SPX,2026-01-06 19:26:09.564343+00:00,6946.22,6950.0,-3.7799999999997453,3610.564628181579,2566.4748776337483,3088.5197529076636,522.0448752739153,False
NDX,2026-01-06 19:27:14.655237+00:00,25622.3272062981,25620.0,2.3272062981013732,460.8302914157513,309.39082445690497,385.1105579363281,75.71973347942317,True
DJI,2026-01-06 19:27:40.799498+00:00,49461.87,170.0,49291.87,2.0787744947354615e-44,-2.0752682693138044e-44,1.7531127108285635e-47,2.077021382024633e-44,False
RUT,2026-01-06 19:28:44.470459+00:00,2570.8462,2530.0,40.84619999999995,92.38394465458336,12.8534620622086,52.61870335839598,39.765241296187384,True
SPX,2026-01-06 19:31:17.696552+00:00,6945.34,6945.0,0.3400000000001455,3051.5487121923047,2243.526604846073,2647.537658519189,404.01105367311584,False
NDX,2026-01-06 19:32:22.685534+00:00,25624.11112263994,25630.0,-5.8888773600592685,470.96510611270327,306.4335404976733,388.6993233051883,82.26578280751498,True
DJI,2026-01-06 19:32:50.536219+00:00,49444.090000000004,170.0,49274.090000000004,2.0892431538466636e-44,-2.0892397625751978e-44,1.6956357328068095e-50,2.0892414582109307e-44,False
RUT,2026-01-06 19:33:54.356845+00:00,2572.9965,2530.0,42.9965000000002,91.68793359523178,13.784018215877374,52.735975905554575,38.9519576896772,True
SPX,2026-01-06 19:36:27.762403+00:00,6946.46,6950.0,-3.5399999999999636,3783.159087328924,2666.889603652651,3225.0243454907877,558.1347418381363,False
NDX,2026-01-06 19:37:32.988602+00:00,25628.03049158543,25630.0,-1.9695084145714645,476.2228734068452,282.40394681498424,379.31341011091473,96.90946329593052,True
DJI,2026-01-06 19:37:54.837860+00:00,49435.26,170.0,49265.26,2.119452008676131e-44,-2.1187249922053948e-44,3.6350823536807486e-48,2.119088500440763e-44,False
RUT,2026-01-06 19:38:59.000792+00:00,2571.958,2530.0,41.958000000000084,92.0245262103679,13.33685623700368,52.68069122368579,39.34383498668211,True
SPX,2026-01-06 19:40:26.296528+00:00,6945.55,6950.0,-4.449999999999818,3172.9987336409813,2313.311655989911,2743.155194815446,429.8435388255351,False
NDX,2026-01-06 19:41:31.493024+00:00,25624.65315985594,25630.0,-5.34684014405866,473.12847283739643,304.531305328287,388.8298890828417,84.29858375455476,True
DJI,2026-01-06 19:41:53.670417+00:00,49458.22,170.0,49288.22,2.285779781241731e-44,-2.2857797812413664e-44,1.8233016672529044e-57,2.2857797812415486e-44,False
RUT,2026-01-06 19:42:57.541680+00:00,2572.6961,2530.0,42.696100000000115,91.78538198526925,13.655105304181014,52.72024364472514,39.065138340544124,True
SPX,2026-01-06 19:45:35.576955+00:00,6946.82,6950.0,-3.180000000000291,4053.1054947959606,2824.420593735183,3438.763044265572,614.3424505303888,False
NDX,2026-01-06 19:46:40.789329+00:00,25629.10487057558,25630.0,-0.8951294244216115,473.4653751588597,271.96124335228495,372.7133092555723,100.75206590328736,True
DJI,2026-01-06 19:47:03.994048+00:00,49465.01,170.0,49295.01,2.397057533375246e-44,-2.3970575245552896e-44,4.409978276948844e-53,2.3970575289652677e-44,False
RUT,2026-01-06 19:48:07.855209+00:00,2572.9533,2530.0,42.95330000000013,91.70195165957728,13.765501296776797,52.73372647817704,38.96822518140024,True
SPX,2026-01-06 19:49:41.150738+00:00,6946.35,6950.0,-3.649999999999636,3703.186138595198,2620.3291674702004,3161.757653032699,541.4284855624985,False
NDX,2026-01-06 19:50:46.266493+00:00,25629.95443549292,25630.0,-0.045564507079689065,470.0868913144426,262.71562893980797,366.4012601271253,103.6856311873173,True
DJI,2026-01-06 19:51:10.327585+00:00,49459.16,170.0,49289.16,2.444346460785764e-44,-2.4443460879817187e-44,1.864020224956294e-51,2.4443462743837413e-44,False
SPX,2026-01-06 19:54:46.109387+00:00,6945.41,6950.0,-4.5900000000001455,3091.142500845299,2266.2477422210504,2678.6951215331746,412.44737931212444,False
SPX,2026-01-06 19:57:48.946594+00:00,6944.3,6945.0,-0.6999999999998181,2570.301044353028,1971.0145539294037,2270.657799141216,299.64324521181214,False
SPX,2026-01-06 19:59:57.176677+00:00,6944.5,6945.0,-0.5,2647.414299794301,2014.0168122370833,2330.715556015692,316.6987437786087,False
NDX,2026-01-06 20:01:02.221343+00:00,25622.51501843372,25620.0,2.515018433721707,462.1032816407995,309.31524680369256,385.709264222246,76.39401741855346,True
DJI,2026-01-06 20:01:33.456762+00:00,49466.97,170.0,49296.97,2.647392488081916e-44,-2.647392488081197e-44,3.5927144859677795e-57,2.6473924880815564e-44,False
RUT,2026-01-06 20:02:37.124922+00:00,2575.8806,2530.0,45.88059999999996,90.74901421183529,15.003561956449808,52.87628808414255,37.872726127692744,True
SPX,2026-01-06 20:04:10.419111+00:00,6947.28,6950.0,-2.7200000000002547,4407.797448989035,3032.127634213099,3719.9625416010667,687.8349073879677,False
SPX,2026-01-06 20:06:42.688906+00:00,6946.88,6950.0,-3.119999999999891,4099.0154025344855,2851.262876331994,3475.1391394332395,623.8762631012456,False
NDX,2026-01-06 20:07:49.600962+00:00,25618.16005503946,25620.0,-1.8399449605385598,422.94311646571566,298.21519768490225,360.57915707530896,62.36395939040671,True
DJI,2026-01-06 20:08:18.448954+00:00,49494.66,170.0,49324.66,2.9546333222035596e-44,-2.9495549295990647e-44,2.5391963022473985e-47,2.952094125901312e-44,False
RUT,2026-01-06 20:09:23.093982+00:00,2576.9578,2530.0,46.957800000000134,90.3968687770543,15.45057166740245,52.92372022222837,37.47314855482592,True
SPX,2026-01-06 20:11:27.238729+00:00,6945.64,6950.0,-4.359999999999673,3227.467184000544,2344.6898426923008,2786.0785133464224,441.3886706541216,False
NDX,2026-01-06 20:12:32.437003+00:00,25627.4762893181,25630.0,-2.523710681900411,476.95365632943816,287.1925647505396,382.0731105399889,94.88054578944929,True
DJI,2026-01-06 20:12:55.713646+00:00,49477.76,170.0,49307.76,2.9382746198468193e-44,-2.9382589829290356e-44,7.818458891763741e-50,2.9382668013879275e-44,False
RUT,2026-01-06 20:13:58.570145+00:00,2576.2105,2530.0,46.21050000000014,90.64124806309579,15.14095458572909,52.89110132441244,37.75014673868335,True
SPX,2026-01-06 20:16:31.943574+00:00,6946.27,6950.0,-3.7299999999995634,3645.9321538349536,2587.029887577641,3116.4810207062974,529.4511331286562,False
SPX,2026-01-06 20:18:49.810007+00:00,6946.54,6950.0,-3.4600000000000364,3842.150669473486,2701.2683270940693,3271.7094982837775,570.4411711897083,False
NDX,2026-01-06 20:19:55.352517+00:00,25631.29325220249,25630.0,1.2932522024893842,462.7906535845593,246.63246363436429,354.7115586094618,108.07909497509752,True
DJI,2026-01-06 20:20:27.332203+00:00,49490.700000000004,170.0,49320.700000000004,3.1446133090084066e-44,-3.139186718222181e-44,2.713295393112929e-47,3.141900013615294e-44,False
SPX,2026-01-06 20:22:04.513702+00:00,6945.58,6950.0,-4.420000000000073,3190.9961416306787,2323.6744849932575,2757.335313311968,433.66082831871074,False
SPX,2026-01-06 20:23:42.977865+00:00,6945.85,6950.0,-4.149999999999636,3359.9891241971864,2421.211368207876,2890.6002462025313,469.38887799465505,False
NDX,2026-01-06 20:24:48.148517+00:00,25627.58829927443,25630.0,-2.411700725569972,476.8446745949474,286.2591319935822,381.5519032942648,95.29277130068263,True
DJI,2026-01-06 20:25:12.803507+00:00,49490.68,170.0,49320.68,3.273841500920363e-44,-3.273841456296455e-44,2.2311954037390835e-52,3.273841478608409e-44,False
RUT,2026-01-06 20:26:16.727526+00:00,2578.6385,2530.0,48.63850000000002,89.84596597469896,16.138718499812057,52.99234223725551,36.85362373744345,True
SPX,2026-01-06 20:27:50.225022+00:00,6945.7300000000005,6950.0,-4.269999999999527,3283.347175583934,2376.927135934188,2830.137155759061,453.21001982487314,False
NDX,2026-01-06 20:28:55.504765+00:00,25629.73429192431,25630.0,-0.2657080756907817,471.0600099085962,265.1890942290161,368.12455206880617,102.93545783979005,True
DJI,2026-01-06 20:29:19.666671+00:00,49490.07,170.0,49320.07,3.3452878854372034e-44,-3.3452822096839973e-44,2.8378766032855045e-50,3.3452850475606004e-44,False
RUT,2026-01-06 20:30:23.849362+00:00,2579.5679,2530.0,49.56790000000001,89.5405979889062,16.51435943291869,53.02747871091244,36.51311927799375,True
SPX,2026-01-06 20:32:40.334804+00:00,6945.59,6950.0,-4.4099999999998545,3197.030685175355,2327.1502972978806,2762.0904912366177,434.94019393873725,False
NDX,2026-01-06 20:33:46.935499+00:00,25629.30769231197,25630.0,-0.6923076880302688,472.7522821556443,269.8290364111536,371.29065928339895,101.46162287224536,True
DJI,2026-01-06 20:34:15.549767+00:00,49479.44,170.0,49309.44,3.37174832503862e-44,-3.371390230940462e-44,1.7904704907929587e-48,3.371569277989541e-44,False
RUT,2026-01-06 20:35:19.454437+00:00,2579.7568,2530.0,49.75680000000011,89.47847144450162,16.59028045993081,53.034375952216216,36.444095492285406,True
SPX,2026-01-06 20:36:52.813653+00:00,6945.900000000001,6950.0,-4.099999999999454,3392.623066067187,2440.0901135433787,2916.356589805283,476.26647626190436,False
NDX,2026-01-06 20:37:58.029671+00:00,25638.07878501378,25630.0,8.078785013778543,401.76124057055944,152.2531823453367,277.0072114579481,124.75402911261135,True
DJI,2026-01-06 20:38:23.839390+00:00,49502.56,170.0,49332.56,3.628064247736885e-44,-3.6277403741289203e-44,1.6193680398210108e-48,3.6279023109329025e-44,False
RUT,2026-01-06 20:39:27.850240+00:00,2581.3974000000003,2530.0,51.39740000000029,88.9380763145568,17.243555993916203,53.0908161542365,35.847260160320296,True
SPX,2026-01-06 20:41:01.438427+00:00,6947.38,6950.0,-2.619999999999891,4484.8975581592595,3077.367302612343,3781.132430385801,703.7651277734582,False
NDX,2026-01-06 20:42:06.686941+00:00,25639.47148284025,25630.0,9.471482840250246,387.3905228026836,133.59831077537666,260.49441678903014,126.89610601365348,True
DJI,2026-01-06 20:42:35.192199+00:00,49499.6,170.0,49329.6,3.720136672152828e-44,-3.7200742430706224e-44,3.121454110262784e-49,3.720105457611725e-44,False
RUT,2026-01-06 20:43:38.983082+00:00,2580.7656,2530.0,50.76560000000018,89.14635586035996,16.99327492526021,53.069815392810085,36.076540467549876,True
SPX,2026-01-06 20:45:13.455775+00:00,6947.25,6950.0,-2.75,4384.615000114187,3018.5306745413363,3701.5728373277616,683.0421627864254,False
NDX,2026-01-06 20:46:18.929371+00:00,25644.48805239737,25650.0,-5.511947602630244,340.1343258602154,78.40662862730986,209.27047724376266,130.8638486164528,True
DJI,2026-01-06 20:46:46.277068+00:00,49483.1,170.0,49313.1,3.700987879609357e-44,-3.700388913504439e-44,2.994830524589129e-48,3.700688396556898e-44,False
SPX,2026-01-06 20:49:47.372083+00:00,6946.62,6950.0,-3.380000000000109,3901.769428909763,2736.0400906104637,3318.9047597601134,582.8646691496497,False
SPX,2026-01-07 15:29:05.216635+00:00,6942.42,6945.0,-2.5799999999999272,4593.452018209352,1777.7804704741554,3185.616244341754,1407.8357738675984,False
NDX,2026-01-07 15:30:10.150982+00:00,25692.99530655837,25700.0,-7.004693441631389,728.1558382149561,497.7241867385475,612.9400124767518,115.2158257382043,True
DJI,2026-01-07 15:30:53.313137+00:00,49234.53,180.0,49054.53,1.5373835647523488e-42,1.5340028821929923e-42,1.5356932234726705e-42,1.69034127967816e-45,False
RUT,2026-01-07 15:31:57.234059+00:00,2565.6565,2530.0,35.65650000000005,93.73095229343542,11.533931836871574,52.6324420651535,41.098510228281924,True
SPX,2026-01-07 15:33:30.221151+00:00,6944.56,6945.0,-0.4399999999995998,4959.238376498266,1975.143213732465,3467.1907951153657,1492.0475813829007,False
NDX,2026-01-07 15:34:34.910208+00:00,25705.10531308389,25700.0,5.105313083891815,738.0570203877786,422.215598162389,580.1363092750838,157.92071111269476,True
DJI,2026-01-07 15:35:03.514750+00:00,49243.72,170.0,49073.72,1.7836241577591654e-45,-1.781649851242803e-45,9.871532581811745e-49,1.7826370045009843e-45,False
RUT,2026-01-07 15:36:07.087807+00:00,2566.4223,2530.0,36.42230000000018,93.4757596102942,11.890380452400038,52.68307003134712,40.79268957894708,True
SPX,2026-01-07 15:37:40.055712+00:00,6950.0,6950.0,0.0,5944.66002916684,2063.4642678732143,4004.062148520027,1940.5978806468129,False
NDX,2026-01-07 15:38:44.835427+00:00,25713.31852315537,25700.0,13.318523155368894,613.7251800729935,338.1693871114104,475.9472835922019,137.7778964807915,True
DJI,2026-01-07 15:39:28.670811+00:00,49276.840000000004,170.0,49106.840000000004,1.9620021384418617e-45,-1.9620021384418617e-45,2.5570789719962622e-145,1.9620021384418617e-45,False
RUT,2026-01-07 15:40:33.785353+00:00,2568.3137,2530.0,38.31370000000015,92.84317357355678,12.760437957731675,52.80180576564423,40.04136780791256,True
SPX,2026-01-07 15:42:06.979398+00:00,6947.64,6950.0,-2.3599999999996726,5760.577288410226,2091.140324864391,3925.8588066373086,1834.7184817729176,False
NDX,2026-01-07 15:43:11.552339+00:00,25679.77789078805,25690.0,-10.222109211950738,397.6047768296856,296.16679264170006,346.8857847356928,50.71899209399279,True
DJI,2026-01-07 15:43:42.901520+00:00,49292.1,170.0,49122.1,2.086805719339111e-45,-2.081819324231721e-45,2.493197553695114e-48,2.084312521785416e-45,False
RUT,2026-01-07 15:44:46.535434+00:00,2569.8887,2530.0,39.88869999999997,92.31403748345504,13.473650132329226,52.89384380789213,39.420193675562906,True
SPX,2026-01-07 15:46:19.638644+00:00,6943.7300000000005,6945.0,-1.269999999999527,4794.881835721622,1909.0149924552481,3351.948414088435,1442.933421633187,False
NDX,2026-01-07 15:47:24.975424+00:00,25696.15346550538,25700.0,-3.8465344946198456,771.3159291295578,504.06500883504805,637.690468982303,133.6254601472549,True
DJI,2026-01-07 15:47:54.741295+00:00,49263.36,170.0,49093.36,2.1873021289921412e-45,-1.750434826400631e-45,2.184336512957552e-46,1.968868477696386e-45,False
RUT,2026-01-07 15:48:59.379356+00:00,2569.3572,2530.0,39.35719999999992,92.49283171581678,13.234123770939895,52.86347774337833,39.62935397243844,True
SPX,2026-01-07 15:51:32.561058+00:00,6949.29,6950.0,-0.7100000000000364,6016.8332407782,2091.615739391863,4054.2244900850314,1962.6087506931685,False
NDX,2026-01-07 15:52:37.256820+00:00,25725.22379207483,25730.0,-4.776207925169729,550.2785311018222,404.4678029603059,477.37316703106404,72.90536407075817,True
DJI,2026-01-07 15:53:07.178847+00:00,49249.5,170.0,49079.5,2.0433070706262468e-45,-2.0277896790003048e-45,7.758695812971072e-48,2.0355483748132758e-45,False
RUT,2026-01-07 15:54:11.105472+00:00,2569.6135,2530.0,39.61349999999993,92.40664250656222,13.349775381918661,52.87820894424044,39.52843356232178,True
SPX,2026-01-07 15:56:14.526014+00:00,6950.02,6950.0,0.020000000000436557,5940.588443914779,2062.357235642027,4001.472839778403,1939.115604136376,False
NDX,2026-01-07 15:57:21.947193+00:00,25725.89912401401,25730.0,-4.1008759859905695,551.0140662904154,412.9207693865188,481.9674178384671,69.04664845194826,True
DJI,2026-01-07 15:57:53.398216+00:00,49285.340000000004,170.0,49115.340000000004,2.3140711335245736e-45,-2.3140711071397922e-45,1.3192390721573124e-53,2.314071120332183e-45,False
RUT,2026-01-07 15:58:56.831625+00:00,2570.261,2530.0,40.26099999999997,92.18866043306397,13.640728291948015,52.91469436250599,39.273966070557975,True
SPX,2026-01-07 16:01:30.002759+00:00,6951.7300000000005,6950.0,1.730000000000473,5219.4907552099685,1921.8193974294986,3570.655076319734,1648.8356788902352,False
NDX,2026-01-07 16:02:36.360414+00:00,25738.22576355005,25750.0,-11.774236449949967,613.4528990527066,570.8382863198073,592.1455926862569,21.307306366449644,True
DJI,2026-01-07 16:03:09.733219+00:00,49292.090000000004,170.0,49122.090000000004,2.4440132069549088e-45,-2.4440132069549088e-45,2.746727405746695e-69,2.4440132069549088e-45,False
RUT,2026-01-07 16:04:13.290528+00:00,2569.8609,2530.0,39.86090000000013,92.32339501151347,13.461150986581153,52.89227299904731,39.431122012466155,True
SPX,2026-01-07 16:06:16.745440+00:00,6953.7300000000005,6950.0,3.730000000000473,4055.079779926772,1837.7774551711993,2946.4286175489856,1108.6511623777862,False
NDX,2026-01-07 16:07:22.129990+00:00,25736.82792324069,25730.0,6.827923240689415,601.3834616992353,553.4098198891452,577.3966407941903,23.986820905045086,True
DJI,2026-01-07 16:07:52.098366+00:00,49282.8,170.0,49112.8,2.4958582116324694e-45,-2.4958581829006212e-45,1.4365924229119564e-53,2.4958581972665453e-45,False
RUT,2026-01-07 16:08:55.751430+00:00,2569.5098000000003,2530.0,39.50980000000027,92.44152153629719,13.303015276559044,52.87226840642812,39.569253129869075,True
SPX,2026-01-07 16:11:28.853681+00:00,6951.93,6950.0,1.930000000000291,5100.34243901529,1903.7282148662387,3502.0353269407647,1598.307112074526,False
NDX,2026-01-07 16:12:34.282664+00:00,25737.68975635373,25750.0,-12.310243646268646,608.6948553832981,564.1864165176426,586.4406359504703,22.254219432827814,True
DJI,2026-01-07 16:12:59.062717+00:00,49283.74,170.0,49113.74,2.583618113333933e-45,-2.5836121621905904e-45,2.975571671167766e-51,2.5836151377622617e-45,False
RUT,2026-01-07 16:14:02.770130+00:00,2569.1956,2530.0,39.19560000000001,92.54714697409943,13.161063411664983,52.85410519288221,39.693041781217225,True
SPX,2026-01-07 16:16:06.657994+00:00,6952.14,6950.0,2.1400000000003274,4972.0290718861415,1885.7984756125074,3428.9137737493247,1543.1152981368173,False
NDX,2026-01-07 16:17:11.624591+00:00,25745.43758951455,25750.0,-4.562410485450528,679.1639069045968,647.4339671872772,663.298937045937,15.864969858659787,True
DJI,2026-01-07 16:17:37.417235+00:00,49289.41,170.0,49119.41,2.6704015632661507e-45,-2.6704015631153807e-45,7.5385078371124275e-56,2.6704015631907657e-45,False
RUT,2026-01-07 16:18:41.457040+00:00,2570.0005,2530.0,40.0005000000001,92.27639907726481,13.523883860777211,52.90014146902101,39.3762576082438,True
SPX,2026-01-07 16:21:15.423306+00:00,6951.76,6950.0,1.7600000000002183,5201.865186353471,1919.060194873848,3560.462690613659,1641.402495739811,False
NDX,2026-01-07 16:22:20.542542+00:00,25730.84220603565,25730.0,0.8422060356497241,564.5116116158356,477.03154035061044,520.771575983223,43.740035632612546,True
DJI,2026-01-07 16:22:46.508357+00:00,49286.08,170.0,49116.08,2.7883423165378826e-45,-2.788174652022417e-45,8.383225773279349e-50,2.7882584842801498e-45,False
RUT,2026-01-07 16:23:50.450347+00:00,2569.5275,2530.0,39.527500000000146,92.4355688476592,13.31099968461293,52.87328426613607,39.56228458152314,True
SPX,2026-01-07 16:26:23.949705+00:00,6949.400000000001,6950.0,-0.5999999999994543,6014.601564868165,2088.650560594342,4051.6260627312536,1962.9755021369115,False
NDX,2026-01-07 16:27:30.956282+00:00,25714.82997732627,25710.0,4.829977326269727,595.5391591696296,333.58499372662675,464.56207644812815,130.97708272150143,True
DJI,2026-01-07 16:27:55.681777+00:00,49313.91,170.0,49143.91,3.046014342275632e-45,-3.040993811087261e-45,2.5102655941852077e-48,3.043504076681447e-45,False
RUT,2026-01-07 16:28:59.434069+00:00,2571.5047,2530.0,41.50469999999996,91.7690333374538,14.194652059995597,52.9818426987247,38.7871906387291,True
SPX,2026-01-07 16:31:32.681802+00:00,6947.9400000000005,6950.0,-2.0599999999994907,5835.955019727626,2095.676276445333,3965.815648086479,1870.1393716411462,False
NDX,2026-01-07 16:32:37.855296+00:00,25721.53237531948,25730.0,-8.467624680521112,552.3750209970491,363.2339231763074,457.8044720866783,94.57054891037085,True
DJI,2026-01-07 16:33:05.346517+00:00,49310.01,170.0,49140.01,3.1840772594718144e-45,-3.184059783796389e-45,8.737837712648298e-51,3.184068521634102e-45,False
RUT,2026-01-07 16:34:08.925518+00:00,2573.3140000000003,2530.0,43.314000000000306,91.15649265544513,14.988831217379463,53.0726619364123,38.08383071903284,True
SPX,2026-01-07 16:36:12.558668+00:00,6949.97,6950.0,-0.02999999999974534,5950.554262324611,2065.092669241018,4007.8234657828143,1942.7307965417963,False
NDX,2026-01-07 16:37:17.212272+00:00,25728.26083723157,25730.0,-1.7391627684301056,555.7389336928129,443.37911504798024,499.55902437039657,56.179909322416314,True
DJI,2026-01-07 16:37:41.767842+00:00,49290.24,170.0,49120.24,3.131229972163811e-45,-3.13122992871371e-45,2.172505052615963e-53,3.1312299504387606e-45,False
RUT,2026-01-07 16:38:45.418974+00:00,2574.4288,2530.0,44.42880000000014,90.77792332231124,15.471240321959975,53.1245818221356,37.65334150017563,True
SPX,2026-01-07 16:41:19.021538+00:00,6950.71,6950.0,0.7100000000000364,5731.919141022218,2014.3885200799568,3873.1538305510876,1858.7653104711308,False
NDX,2026-01-07 16:42:24.384047+00:00,25735.03444512363,25730.0,5.034445123630576,587.715132783171,530.7746070714599,559.2448699273154,28.47026285585564,True
DJI,2026-01-07 16:42:52.475192+00:00,49322.23,170.0,49152.23,3.535138328198686e-45,-3.535138285206639e-45,2.1496023684457975e-53,3.5351383067026625e-45,False
RUT,2026-01-07 16:43:55.989630+00:00,2576.6758,2530.0,46.67579999999998,90.01241710463563,16.427416445151124,53.21991677489338,36.79250032974225,True
SPX,2026-01-07 16:46:29.208273+00:00,6958.87,6960.0,-1.1300000000001091,4128.501006630807,3433.900542724633,3781.20077467772,347.3002319530867,False
NDX,2026-01-07 16:47:34.818608+00:00,25776.39134066509,25770.0,6.391340665089956,725.0793062781778,700.6815909825929,712.8804486303853,12.19885764779243,True
DJI,2026-01-07 16:47:59.805992+00:00,49356.11,170.0,49186.11,3.9518329677521766e-45,-3.951761411313162e-45,3.577821950697861e-50,3.9517971895326693e-45,False
RUT,2026-01-07 16:49:03.577861+00:00,2580.2661000000003,2530.0,50.26610000000028,88.78323380240148,17.909925181456885,53.346579491929184,35.4366543104723,True
SPX,2026-01-07 16:51:06.866834+00:00,6958.02,6960.0,-1.9799999999995634,3933.5825298017335,3122.2072622119886,3527.894896006861,405.6876337948724,False
NDX,2026-01-07 16:52:11.813803+00:00,25769.8389518938,25770.0,-0.16104810620163335,637.8304479662396,615.0137967063828,626.4221223363112,11.40832562992845,True
DJI,2026-01-07 16:52:36.349163+00:00,49372.590000000004,170.0,49202.590000000004,4.217080819895522e-45,-4.217080819807531e-45,4.399537906433851e-56,4.2170808198515263e-45,False
RUT,2026-01-07 16:53:40.140830+00:00,2579.5794,2530.0,49.57940000000008,89.01885458034383,17.630708633010514,53.32478160667717,35.69407297366666,True
SPX,2026-01-07 16:56:13.718128+00:00,6959.5,6960.0,-0.5,4219.094296282213,3584.9053371888913,3901.999816735552,317.09447954666086,False
NDX,2026-01-07 16:57:18.472193+00:00,25777.54000584624,25790.0,-12.459994153759908,751.3188495547688,726.3663967606228,738.8426231576958,12.476226397072942,True
DJI,2026-01-07 16:57:43.373651+00:00,49373.36,170.0,49203.36,4.369763870653155e-45,-4.369685250519986e-45,3.9310066584435614e-50,4.3697245605865703e-45,False
RUT,2026-01-07 16:58:47.510904+00:00,2579.3504000000003,2530.0,49.35040000000026,89.09737733954759,17.537138387039953,53.317257863293776,35.78011947625382,True
SPX,2026-01-07 17:01:21.206749+00:00,6961.51,6960.0,1.5100000000002183,4037.9094562790247,3472.862950784534,3755.3862035317793,282.52325274724546,False
NDX,2026-01-07 17:02:26.040774+00:00,25786.10820815746,25790.0,-3.891791842539533,1029.0955239641867,997.0507857088119,1013.0731548364993,16.022369127687455,True
DJI,2026-01-07 17:02:53.388255+00:00,49381.98,170.0,49211.98,4.7148312886774106e-45,-4.7112323894214416e-45,1.7994496279842462e-48,4.713031839049426e-45,False
RUT,2026-01-07 17:03:57.598165+00:00,2580.0521000000003,2530.0,50.05210000000034,88.85668619270838,17.823132252700873,53.33990922270463,35.516776970003754,True
SPX,2026-01-07 17:06:30.943253+00:00,6963.34,6960.0,3.3400000000001455,3524.503916946499,2921.6879016104303,3223.0959092784647,301.4080076680345,False
NDX,2026-01-07 17:07:36.802800+00:00,25800.56737139606,25800.0,0.56737139606048,1131.968339035823,1086.4438930043536,1109.2061160200883,22.762223015734737,True
DJI,2026-01-07 17:08:02.916527+00:00,49386.380000000005,170.0,49216.380000000005,4.908916712666819e-45,-4.881621466530316e-45,1.3647623068251347e-47,4.8952690895985676e-45,False
RUT,2026-01-07 17:09:06.796174+00:00,2581.0218,2530.0,51.021799999999985,88.52367785471873,18.21481569679559,53.36924677575716,35.15443107896157,True
SPX,2026-01-07 17:11:10.065201+00:00,6964.400000000001,6965.0,-0.5999999999994543,3308.180019592338,2679.188518621957,2993.6842691071474,314.4957504851903,False
NDX,2026-01-07 17:12:15.163541+00:00,25799.27700333934,25800.0,-0.7229966606610105,1168.6069605980592,1122.8556281023248,1145.731294350192,22.87566624786724,True
DJI,2026-01-07 17:12:42.799124+00:00,49376.25,170.0,49206.25,4.8680899538035114e-45,-4.8667654052671206e-45,6.622742681955461e-49,4.867427679535316e-45,False
RUT,2026-01-07 17:13:46.694925+00:00,2580.0564,2530.0,50.05639999999994,88.85521049746168,17.82487819213565,53.34004434479867,35.51516615266302,True
SPX,2026-01-07 17:16:21.389349+00:00,6963.4400000000005,6960.0,3.4400000000005093,3499.1872908752944,2893.5278183141586,3196.3575545947265,302.8297362805677,False
NDX,2026-01-07 17:17:26.518482+00:00,25791.17280124737,25790.0,1.172801247368625,1179.270044154496,1140.5488328513127,1159.9094385029043,19.36060565159166,True
DJI,2026-01-07 17:17:53.226059+00:00,49378.520000000004,170.0,49208.520000000004,5.093127038657893e-45,-5.09312697292047e-45,3.286871138640612e-53,5.093127005789181e-45,False
RUT,2026-01-07 17:18:57.935026+00:00,2580.5203,2530.0,50.520300000000134,88.6959549554316,18.012762138741415,53.35435854708651,35.3415964083451,True
SPX,2026-01-07 17:21:31.186487+00:00,6964.41,6965.0,-0.5900000000001455,3306.763972309457,2677.589682133643,2992.17682722155,314.58714508790695,False
NDX,2026-01-07 17:22:36.108583+00:00,25799.59018976195,25800.0,-0.40981023804852157,1160.5166373245115,1114.7763917260163,1137.646514525264,22.87012279924767,True
DJI,2026-01-07 17:23:01.179472+00:00,49380.55,170.0,49210.55,5.3282176623033585e-45,-5.3282176622747227e-45,1.4318024162363145e-56,5.3282176622890406e-45,False
RUT,2026-01-07 17:24:05.098322+00:00,2580.2679000000003,2530.0,50.26790000000028,88.7826158853889,17.910654366878674,53.34663512613379,35.435980759255116,True
SPX,2026-01-07 17:26:08.734697+00:00,6965.1,6965.0,0.1000000000003638,3241.227107677962,2603.610649436065,2922.4188785570136,318.80822912094857,False
NDX,2026-01-07 17:27:14.363028+00:00,25801.637790033,25800.0,1.6377900330007833,1095.3774597372758,1050.4098389210749,1072.8936493291753,22.48381040810055,True
DJI,2026-01-07 17:27:36.681267+00:00,49388.340000000004,170.0,49218.340000000004,5.680092919677977e-45,-5.680083682843185e-45,4.618417396119973e-51,5.680088301260581e-45,False
RUT,2026-01-07 17:28:40.229166+00:00,2580.213,2530.0,50.21300000000019,88.80146165748764,17.888407842116557,53.3449347498021,35.45652690768554,True
SPX,2026-01-07 17:31:13.308079+00:00,6962.91,6960.0,2.9099999999998545,3641.5135242228466,3050.932382006508,3346.2229531146772,295.2905711081693,False
NDX,2026-01-07 17:32:18.234553+00:00,25800.86493908526,25800.0,0.8649390852588112,1122.3283564121434,1076.9249271943968,1099.62664180327,22.701714608873253,True
DJI,2026-01-07 17:32:45.622284+00:00,49362.19,170.0,49192.19,5.589802067538234e-45,-5.5897934539697897e-45,4.306784221900101e-51,5.589797760754012e-45,False
RUT,2026-01-07 17:33:49.151451+00:00,2580.0868,2530.0,50.08680000000004,88.84477742009415,17.83721927444592,53.34099834727003,35.50377907282411,True
SPX,2026-01-07 17:36:22.266746+00:00,6960.62,6960.0,0.6199999999998909,4204.932959205421,3629.6523722447273,3917.292665725074,287.64029348034677,False
NDX,2026-01-07 17:37:27.099492+00:00,25797.76779670329,25800.0,-2.2322032967094856,1199.8801571998122,1154.4529522915461,1177.1665547456792,22.713602454133074,True
DJI,2026-01-07 17:37:50.815435+00:00,49354.43,170.0,49184.43,5.609706204747157e-45,-5.60970620474715e-45,3.1947196582907173e-60,5.609706204747154e-45,False
RUT,2026-01-07 17:38:54.520463+00:00,2579.9003000000002,2530.0,49.90030000000024,88.90877591216133,17.761444797466517,53.33511035481393,35.57366555734741,True
SPX,2026-01-07 17:41:28.085897+00:00,6960.71,6960.0,0.7100000000000364,4193.620965232542,3620.6856541564666,3907.1533096945045,286.4676555380377,False
NDX,2026-01-07 17:42:32.816390+00:00,25800.34400252973,25800.0,0.3440025297313696,1138.9215752109228,1093.3233366512839,1116.1224559311033,22.799119279819408,True
DJI,2026-01-07 17:42:54.908807+00:00,49351.83,170.0,49181.83,5.782234211560345e-45,-5.750761767022499e-45,1.5736222268922595e-47,5.766497989291422e-45,False
RUT,2026-01-07 17:43:53.439741+00:00,2579.7185,2530.0,49.71849999999995,88.9711452074259,17.687433786306016,53.32928949686596,35.641855710559945,True
SPX,2026-01-07 17:46:26.991351+00:00,6963.35,6960.0,3.350000000000364,3521.935180642142,2918.833670104421,3220.3844253732814,301.55075526886026,False
NDX,2026-01-07 17:47:31.663727+00:00,25803.89950867213,25800.0,3.899508672129741,1002.9971709336936,960.2919992853657,981.6445851095297,21.352585824163928,True
DJI,2026-01-07 17:47:54.244697+00:00,49342.21,170.0,49172.21,5.882986224975092e-45,-5.882952417790603e-45,1.6903592244663709e-50,5.882969321382847e-45,False
RUT,2026-01-07 17:48:58.169219+00:00,2577.6163,2530.0,47.61630000000014,89.69110177970123,16.821175283909824,53.256138531805526,36.4349632478957,True
SPX,2026-01-07 17:51:31.442164+00:00,6958.45,6960.0,-1.550000000000182,4039.065473134594,3292.0399771971606,3665.5527251658773,373.5127479687168,False
NDX,2026-01-07 17:52:37.966791+00:00,25788.98251635748,25790.0,-1.0174836425212561,1123.4970331297172,1087.779136349855,1105.638084739786,17.858948389931093,True
DJI,2026-01-07 17:53:01.079241+00:00,49271.64,170.0,49101.64,5.135503257220785e-45,-5.132805334017195e-45,1.3489616017952612e-48,5.13415429561899e-45,False
RUT,2026-01-07 17:54:04.842839+00:00,2573.5899,2530.0,43.58989999999994,91.06288035761271,15.108715097245295,53.085797727429004,37.97708263018371,True
SPX,2026-01-07 17:56:08.035789+00:00,6956.4400000000005,6960.0,-3.5599999999994907,3594.1244112259938,2443.672324851641,3018.8983680388174,575.2260431871766,False
NDX,2026-01-07 17:57:13.160890+00:00,25793.57095217572,25800.0,-6.429047824280133,1215.4563123493922,1173.618875942654,1194.5375941460231,20.918718203368982,True
DJI,2026-01-07 17:57:38.946225+00:00,49274.78,170.0,49104.78,5.490048487919496e-45,-5.490047638646801e-45,4.246363476664779e-52,5.4900480632831485e-45,False
RUT,2026-01-07 17:58:42.550144+00:00,2573.4191,2530.0,43.41910000000007,91.1208386843141,15.034537394361962,53.07768803933803,38.043150644976066,True
SPX,2026-01-07 18:01:15.494619+00:00,6955.27,6955.0,0.27000000000043656,3585.104671442106,2059.3915887610788,2822.2481301015923,762.8565413405137,False
NDX,2026-01-07 18:02:20.146126+00:00,25783.06934088706,25790.0,-6.9306591129388835,920.3672372108515,891.5169311942429,905.9420842025472,14.425153008304228,True
DJI,2026-01-07 18:02:48.533066+00:00,49270.72,170.0,49100.72,5.600639814985706e-45,-5.6006398149845227e-45,5.918105222213108e-58,5.6006398149851145e-45,False
RUT,2026-01-07 18:03:52.392249+00:00,2571.8014000000003,2530.0,41.801400000000285,91.66875030242385,14.325835662316763,52.997292982370304,38.67145732005354,True
SPX,2026-01-07 18:06:25.765319+00:00,6953.93,6950.0,3.930000000000291,3963.8773143868366,1848.7661131764517,2906.321713781644,1057.5556006051925,False
NDX,2026-01-07 18:07:30.413605+00:00,25783.98402813598,25790.0,-6.015971864020685,952.9568728099663,923.2293764272728,938.0931246186195,14.863748191346723,True
DJI,2026-01-07 18:07:55.559001+00:00,49265.07,170.0,49095.07,5.638816342264894e-45,-5.638816342173585e-45,4.565400685485413e-56,5.63881634221924e-45,False
RUT,2026-01-07 18:09:00.368829+00:00,2573.1093,2530.0,43.109300000000076,91.22591257242185,14.899675881657643,53.062794227039745,38.1631183453821,True
SPX,2026-01-07 18:11:03.483178+00:00,6954.75,6955.0,-0.25,3681.4641671439526,1947.9011034467471,2814.68263529535,866.7815318486029,False
NDX,2026-01-07 18:12:08.886664+00:00,25778.27196954752,25790.0,-11.728030452479288,769.8211293136824,744.4740905124911,757.1476099130867,12.6735194005956,True
DJI,2026-01-07 18:12:39.793348+00:00,49240.58,170.0,49070.58,5.642744573552964e-45,-5.618190881204723e-45,1.2276846174121157e-47,5.630467727378843e-45,False
RUT,2026-01-07 18:13:41.236968+00:00,2572.4571,2530.0,42.45710000000008,91.44689448539428,14.614429265819865,53.03066187560707,38.41623260978721,True
SPX,2026-01-07 18:16:14.554269+00:00,6953.66,6950.0,3.6599999999998545,4088.8377881740157,1835.0454976108254,2961.9416428924205,1126.8961452815952,False
NDX,2026-01-07 18:17:19.593961+00:00,25767.45484219026,25770.0,-2.545157809741795,628.3365493591413,605.269489661465,616.8030195103031,11.533529848838139,True
DJI,2026-01-07 18:17:46.261081+00:00,49219.14,170.0,49049.14,5.5002389521774945e-45,-5.500238616104922e-45,1.6803628627830297e-52,5.5002387841412084e-45,False
RUT,2026-01-07 18:18:49.595512+00:00,2570.9617000000003,2530.0,40.96170000000029,91.95239084262877,13.95360817274483,52.9529995076868,38.99939133494197,True
SPX,2026-01-07 18:21:23.159875+00:00,6949.6,6950.0,-0.3999999999996362,6002.347614250638,2081.9737119310166,4042.1606630908273,1960.1869511598104,False
NDX,2026-01-07 18:22:28.731789+00:00,25762.68770229427,25770.0,-7.31229770572827,635.2223524171405,610.1443482175849,622.6833503173627,12.539002099777802,True
DJI,2026-01-07 18:22:54.643584+00:00,49198.79,170.0,49028.79,5.685313100919074e-45,-5.636985711937977e-45,2.4163694490548926e-47,5.661149406428525e-45,False
RUT,2026-01-07 18:23:59.948757+00:00,2571.3833,2530.0,41.38329999999996,91.81004668626097,14.140868974774975,52.975457830517975,38.834588855743,True
SPX,2026-01-07 18:26:03.000244+00:00,6949.64,6950.0,-0.3599999999996726,5998.593406020449,2080.434424347328,4039.5139151838885,1959.0794908365606,False
NDX,2026-01-07 18:27:07.568658+00:00,25753.92177123579,25750.0,3.9217712357894925,689.3047399772589,658.8337031889629,674.0692215831109,15.235518394148043,True
DJI,2026-01-07 18:27:37.151520+00:00,49198.64,170.0,49028.64,5.801337086519692e-45,-5.779308931860585e-45,1.1014077329554004e-47,5.790323009190138e-45,False
RUT,2026-01-07 18:28:40.686521+00:00,2570.8315000000002,2530.0,40.83150000000023,91.9963222767973,13.895626547679896,52.9459744122386,39.0503478645587,True
SPX,2026-01-07 18:31:13.871492+00:00,6948.1,6950.0,-1.8999999999996362,5872.724428931178,2097.5456655328994,3985.135047232039,1887.5893816991397,False
NDX,2026-01-07 18:32:18.645423+00:00,25766.63343054829,25770.0,-3.366569451711257,627.2631425294599,603.9893238027112,615.6262331660855,11.63690936337431,True
DJI,2026-01-07 18:32:44.005310+00:00,49196.270000000004,170.0,49026.270000000004,5.916325981747367e-45,-5.907203040137144e-45,4.5614708051111256e-48,5.911764510942255e-45,False
RUT,2026-01-07 18:33:47.712959+00:00,2571.7956,2530.0,41.79559999999992,91.67071130659296,14.32327479717533,52.99699305188415,38.67371825470882,True
SPX,2026-01-07 18:36:20.713694+00:00,6951.56,6950.0,1.5600000000004002,5317.3640149549965,1937.6470296499922,3627.5055223024942,1689.858492652502,False
NDX,2026-01-07 18:37:25.345184+00:00,25763.94362197984,25770.0,-6.056378020159173,630.5686629826317,606.1970233364615,618.3828431595466,12.185819823085179,True
DJI,2026-01-07 18:37:47.855585+00:00,49179.86,170.0,49009.86,5.951984305680488e-45,-5.951546577713058e-45,2.1886398371559915e-49,5.951765441696773e-45,False
RUT,2026-01-07 18:38:51.525274+00:00,2572.4533,2530.0,42.45330000000013,91.44818112387077,14.612762010427765,53.03047156714926,38.4177095567215,True
SPX,2026-01-07 18:41:25.226322+00:00,6951.8,6950.0,1.800000000000182,5178.218453878406,1915.4029886328533,3546.8107212556297,1631.4077326227764,False
NDX,2026-01-07 18:42:29.814913+00:00,25779.81695394542,25790.0,-10.183046054578881,813.220989803124,786.9292748369335,800.0751323200287,13.14585748309531,True
DJI,2026-01-07 18:42:54.499971+00:00,49195.79,170.0,49025.79,6.369184865385331e-45,-6.368894834449016e-45,1.450154681569524e-49,6.369039849917174e-45,False
RUT,2026-01-07 18:43:57.005912+00:00,2573.3181,2530.0,43.31809999999996,91.15510192198819,14.990615117410314,53.07285851969925,38.08224340228894,True
SPX,2026-01-07 18:46:30.377320+00:00,6952.400000000001,6950.0,2.4000000000005457,4811.025845907943,1865.870193739636,3338.4480198237898,1472.5778260841537,False
NDX,2026-01-07 18:47:35.114356+00:00,25783.47282637704,25790.0,-6.527173622958799,934.6728280936085,905.4445656238005,920.0586968587045,14.614131234904029,True
DJI,2026-01-07 18:47:58.268826+00:00,49199.12,170.0,49029.12,6.672278875628494e-45,-6.672278875628494e-45,1.583147804587138e-63,6.672278875628494e-45,False
RUT,2026-01-07 18:49:01.690505+00:00,2572.2347,2530.0,42.234699999999975,91.52217894970167,14.516748025385652,53.01946348754366,38.50271546215801,True
SPX,2026-01-07 18:51:05.113210+00:00,6955.52,6955.0,0.5200000000004366,3561.841757765309,2126.660014179831,2844.25088597257,717.590871792739,False
NDX,2026-01-07 18:52:10.282627+00:00,25791.7849505109,25790.0,1.7849505109006714,1191.2636290775563,1151.7129412076856,1171.488285142621,19.77534393493535,True
DJI,2026-01-07 18:52:42.283425+00:00,49216.12,170.0,49046.12,7.273527559556365e-45,-7.273527559556365e-45,1.5773989184540768e-71,7.273527559556365e-45,False
RUT,2026-01-07 18:53:47.592629+00:00,2573.1232,2530.0,43.1232,91.22119959827214,14.905735544265873,53.06346757126901,38.157732027003135,True
SPX,2026-01-07 18:56:21.219614+00:00,6955.52,6955.0,0.5200000000004366,3561.841757765309,2126.660014179831,2844.25088597257,717.590871792739,False
NDX,2026-01-07 18:57:26.373529+00:00,25777.15697201151,25790.0,-12.843027988488757,742.1865618336478,717.4277224775135,729.8071421555807,12.379419678067153,True
DJI,2026-01-07 18:57:55.595970+00:00,49214.130000000005,170.0,49044.130000000005,7.552836520337416e-45,-7.552836520337416e-45,7.485808052204251e-121,7.552836520337416e-45,False
RUT,2026-01-07 18:58:59.188391+00:00,2572.5206000000003,2530.0,42.520600000000286,91.42539252608036,14.642280929293634,53.033836727686996,38.39155579839336,True
SPX,2026-01-07 19:01:33.088174+00:00,6954.53,6955.0,-0.47000000000025466,3741.908177560684,1912.3163960319685,2827.1122867963263,914.795890764358,False
NDX,2026-01-07 19:02:37.795233+00:00,25768.17623074145,25770.0,-1.8237692585498735,630.1716738043535,607.2347417911112,618.7032077977324,11.468466006621151,True
DJI,2026-01-07 19:03:09.586433+00:00,49230.090000000004,170.0,49060.090000000004,7.990839076809996e-45,-7.990837731088162e-45,6.728609172360915e-52,7.990838403949079e-45,False
RUT,2026-01-07 19:04:13.271070+00:00,2573.5618,2530.0,43.56179999999995,91.07241704476624,15.096519924069746,53.08446848441799,37.987948560348244,True
SPX,2026-01-07 19:06:16.565726+00:00,6953.83,6950.0,3.8299999999999272,4008.482267841592,1842.6718097758323,2925.577038808712,1082.9052290328798,False
NDX,2026-01-07 19:07:22.400538+00:00,25763.90767398597,25770.0,-6.0923260140298225,630.67688494101,606.2865453411289,618.4817151410695,12.195169799940615,True
DJI,2026-01-07 19:07:47.784355+00:00,49225.51,170.0,49055.51,8.214507795974658e-45,-8.214507795924496e-45,2.508148661440275e-56,8.214507795949577e-45,False
RUT,2026-01-07 19:08:50.982838+00:00,2574.7470000000003,2530.0,44.7470000000003,90.66971421763137,15.60796205006963,53.1388381338505,37.53087608378087,True
SPX,2026-01-07 19:11:24.636752+00:00,6948.68,6950.0,-1.319999999999709,5976.799466084123,2099.8649117228347,4038.3321889034787,1938.467277180644,False
NDX,2026-01-07 19:12:30.402483+00:00,25741.96176718881,25750.0,-8.038232811188209,649.0732350449525,614.8546157227729,631.9639253838627,17.10930966108982,True
DJI,2026-01-07 19:12:53.359515+00:00,49165.71,170.0,48995.71,7.452540664166027e-45,-7.45028061088653e-45,1.1300266397479272e-48,7.451410637526279e-45,False
RUT,2026-01-07 19:13:57.025295+00:00,2572.0484,2530.0,42.04840000000013,91.58521526803096,14.434761329639173,53.00998829883507,38.575226969195896,True
SPX,2026-01-07 19:16:30.287521+00:00,6943.67,6945.0,-1.3299999999999272,4784.080452238379,1903.6376271479671,3343.859039693173,1440.221412545206,False
NDX,2026-01-07 19:17:35.457347+00:00,25727.49398313333,25730.0,-2.506016866671416,553.8551442396005,433.3953571733214,493.6252507064609,60.229893533139524,True
DJI,2026-01-07 19:18:02.350524+00:00,49158.200000000004,170.0,48988.200000000004,7.596444877148948e-45,-7.596444876661788e-45,2.4357971611962265e-55,7.596444876905368e-45,False
RUT,2026-01-07 19:19:08.260023+00:00,2572.579,2530.0,42.57900000000018,91.40561491334014,14.667880606052343,53.03674775969625,38.368867153643905,True
SPX,2026-01-07 19:21:12.958399+00:00,6944.84,6945.0,-0.15999999999985448,5020.646678951714,1993.5861110192172,3507.116394985466,1513.5302839662486,False
NDX,2026-01-07 19:22:17.785173+00:00,25728.47188807694,25730.0,-1.5281119230603508,556.3147686085857,446.1334242754199,501.2240964420028,55.09067216658291,True
DJI,2026-01-07 19:22:42.623321+00:00,49150.22,170.0,48980.22,7.747834561429983e-45,-7.747834462141592e-45,4.964419481793212e-53,7.747834511785787e-45,False
RUT,2026-01-07 19:23:44.909244+00:00,2573.4034,2530.0,43.40340000000015,91.12616521887435,15.027712720892815,53.07693896988358,38.04922624899076,True
SPX,2026-01-07 19:26:18.221789+00:00,6942.76,6945.0,-2.2399999999997817,4639.059023480341,1814.3712862196282,3226.7151548499846,1412.3438686303564,False
NDX,2026-01-07 19:27:22.938411+00:00,25716.83649486635,25720.0,-3.1635051336488687,576.202846734779,334.2728101827154,455.2378284587472,120.96501827603183,True
DJI,2026-01-07 19:27:45.963448+00:00,49140.16,170.0,48970.16,7.913276004385027e-45,-7.913131637379249e-45,7.218350288835982e-50,7.913203820882138e-45,False
RUT,2026-01-07 19:28:48.529133+00:00,2573.2118,2530.0,43.21180000000004,91.19115542560102,14.944341146788872,53.06774828619495,38.123407139406076,True
SPX,2026-01-07 19:31:21.991531+00:00,6941.95,6940.0,1.949999999999818,4536.177728039227,1724.1772809446998,3130.177504491963,1406.0002235472634,False
NDX,2026-01-07 19:32:26.628490+00:00,25722.21950411081,25730.0,-7.780495889190206,551.076324649584,370.0316481674485,460.5539864085162,90.52233824106771,True
DJI,2026-01-07 19:32:53.978458+00:00,49179.450000000004,170.0,49009.450000000004,8.909855778664885e-45,-8.909510399197077e-45,1.726897339042262e-49,8.909683088930981e-45,False
RUT,2026-01-07 19:33:57.373796+00:00,2575.1718,2530.0,45.171800000000076,90.52515119479824,15.78981118585942,53.15748119032883,37.36767000446941,True
SPX,2026-01-07 19:36:30.778064+00:00,6946.39,6945.0,1.3900000000003274,5411.653605024167,2062.0614087283966,3736.8575068762816,1674.796098147885,False
NDX,2026-01-07 19:37:36.289980+00:00,25728.81017963041,25730.0,-1.1898203695891425,557.2893774841855,450.5508761022466,503.92012679321607,53.369250690969444,True
DJI,2026-01-07 19:38:00.009760+00:00,49190.020000000004,170.0,49020.020000000004,9.516688997540888e-45,-9.516120518777287e-45,2.8423938180096808e-49,9.516404758159088e-45,False
RUT,2026-01-07 19:39:03.864337+00:00,2575.0522,2530.0,45.052200000000084,90.56586385504956,15.738690816028168,53.15227733553886,37.413586519510694,True
SPX,2026-01-07 19:41:07.322640+00:00,6945.84,6945.0,0.8400000000001455,5263.4057017165,2043.400147436037,3653.4029245762686,1610.0027771402315,False
NDX,2026-01-07 19:42:13.083990+00:00,25729.60630207195,25730.0,-0.39369792805155157,559.8356789126885,460.9457838272386,510.39073136996353,49.44494754272495,True
DJI,2026-01-07 19:42:41.737252+00:00,49154.98,170.0,48984.98,9.645645080471827e-45,-8.70513771697572e-45,4.702536817480535e-46,9.175391398723774e-45,False
RUT,2026-01-07 19:43:45.557589+00:00,2573.7221,2530.0,43.722099999999955,91.0180065040305,15.166043699714429,53.092025101872466,37.92598140215804,True
SPX,2026-01-07 19:46:18.838735+00:00,6944.95,6945.0,-0.0500000000001819,5045.5630230051775,2000.2702012744555,3522.9166121398166,1522.646410865361,False
NDX,2026-01-07 19:47:24.270453+00:00,25730.5868543264,25730.0,0.5868543264004984,563.4713290257097,473.71578079728584,518.5935549114978,44.87777411421194,True
DJI,2026-01-07 19:47:46.040704+00:00,49165.48,170.0,48995.48,9.785584290138172e-45,-9.785584289975592e-45,8.129024257774891e-56,9.785584290056882e-45,False
RUT,2026-01-07 19:48:48.956869+00:00,2574.9349,2530.0,44.9349000000002,90.60578464618126,15.688493974214964,53.14713931019811,37.45864533598315,True
SPX,2026-01-07 19:51:22.036300+00:00,6944.34,6945.0,-0.6599999999998545,4913.047390387694,1959.2285451423675,3436.1379677650307,1476.9094226226632,False
NDX,2026-01-07 19:52:27.363988+00:00,25730.03516721475,25730.0,0.03516721475170925,561.3567312901719,466.5374387168995,513.9470850035357,47.40964628663618,True
DJI,2026-01-07 19:52:51.103065+00:00,49163.93,170.0,48993.93,9.962155824496994e-45,-9.96215577702572e-45,2.3735636618081337e-53,9.962155800761357e-45,False
RUT,2026-01-07 19:53:54.692363+00:00,2577.5109,2530.0,47.51090000000022,89.72713613072247,16.777237834345996,53.25218698253423,36.47494914818824,True
SPX,2026-01-07 19:56:28.172512+00:00,6944.52,6945.0,-0.47999999999956344,4950.703988407451,1972.3417540059422,3461.522871206697,1489.1811172007547,False
NDX,2026-01-07 19:57:34.164783+00:00,25732.48284408235,25730.0,2.482844082351221,572.1714379646792,498.2163525285473,535.1938952466132,36.97754271806594,True
DJI,2026-01-07 19:57:57.367527+00:00,49152.57,170.0,48982.57,1.0126861136436309e-44,-1.0126861099178549e-44,1.8628879989652686e-53,1.0126861117807429e-44,False
RUT,2026-01-07 19:58:58.400711+00:00,2578.6196,2530.0,48.61959999999999,89.34778504339508,17.2370035995824,53.29239432148874,36.05539072190634,True
SPX,2026-01-07 20:01:31.549392+00:00,6942.42,6945.0,-2.5799999999999272,4593.452018209352,1777.7804704741554,3185.616244341754,1407.8357738675984,False
NDX,2026-01-07 20:02:37.000711+00:00,25727.16406741479,25730.0,-2.835932585210685,553.1461571765312,429.1192240083603,491.1326905924457,62.01346658408547,True
DJI,2026-01-07 20:03:05.538212+00:00,49133.07,180.0,48953.07,4.0711625450587515e-43,3.8677959653852165e-43,3.969479255221984e-43,1.0168328983676716e-44,False
RUT,2026-01-07 20:04:10.335515+00:00,2579.5454,2530.0,49.54539999999997,89.0305146443284,17.616830557883254,53.32367260110583,35.70684204322257,True
SPX,2026-01-07 20:06:13.368223+00:00,6943.31,6945.0,-1.6899999999995998,4722.49204042897,1869.95025267771,3296.22114655334,1426.27089387563,False
NDX,2026-01-07 20:07:21.251044+00:00,25727.31171352532,25730.0,-2.6882864746803534,553.4558278312178,431.0310485588681,492.2434381950429,61.21238963617481,True
DJI,2026-01-07 20:07:49.165974+00:00,49130.58,170.0,48960.58,1.030401626635228e-44,-1.030362763642443e-44,1.943149639250713e-49,1.0303821951388355e-44,False
RUT,2026-01-07 20:08:52.618421+00:00,2578.3466000000003,2530.0,48.34660000000031,89.44125631622204,17.12428845800342,53.28277238711273,36.15848392910931,True
SPX,2026-01-07 20:11:25.763393+00:00,6939.39,6940.0,-0.6099999999996726,4172.910135608165,1305.6044147015411,2739.257275154853,1433.6528604533116,False
NDX,2026-01-07 20:12:31.296284+00:00,25720.24586001163,25730.0,-9.754139988370298,556.1606081609989,352.00528506306074,454.08294661202984,102.07766154896909,True
DJI,2026-01-07 20:12:55.250346+00:00,49115.44,170.0,48945.44,1.0384243637465839e-44,-1.038418319507112e-44,3.02211973595582e-50,1.0384213416268479e-44,False
RUT,2026-01-07 20:13:58.873401+00:00,2576.48,2530.0,46.48000000000002,90.07924598164688,16.344960442139595,53.212103211893236,36.86714276975364,True
SPX,2026-01-07 20:16:33.214396+00:00,6932.4400000000005,6935.0,-2.5599999999994907,2920.718121857666,90.71775886625824,1505.7179403619623,1415.000181495704,False
NDX,2026-01-07 20:17:38.189543+00:00,25694.25148396127,25700.0,-5.748516038729576,748.7277715242344,502.9944648949533,625.8611182095939,122.86665331464057,True
DJI,2026-01-07 20:18:01.684897+00:00,49083.33,170.0,48913.33,1.0098007997286245e-44,-1.0097949515186953e-44,2.9241049645871317e-50,1.0097978756236599e-44,False
RUT,2026-01-07 20:19:05.023563+00:00,2575.0687000000003,2530.0,45.06870000000026,90.56024768754372,15.745747022011152,53.15299735477743,37.40725033276628,True
SPX,2026-01-07 20:21:07.957019+00:00,6936.42,6935.0,1.4200000000000728,3493.181472316852,541.3953247205466,2017.288398518699,1475.8930737981525,False
NDX,2026-01-07 20:22:13.283587+00:00,25696.8616946229,25700.0,-3.1383053770987317,776.9304001215633,502.38285197519025,639.6566260483768,137.27377407318653,True
DJI,2026-01-07 20:22:39.112844+00:00,49097.78,170.0,48927.78,1.0744562583981622e-44,-1.0743641887638869e-44,4.603481713768171e-49,1.0744102235810245e-44,False
RUT,2026-01-07 20:23:43.038952+00:00,2575.3759,2530.0,45.3759,90.45565307276125,15.876907524389196,53.166280298575224,37.28937277418603,True
SPX,2026-01-07 20:26:17.167161+00:00,6931.76,6930.0,1.7600000000002183,2871.234784281487,83.54910916228664,1477.3919467218868,1393.8428375596002,False
NDX,2026-01-07 20:27:22.372819+00:00,25681.3140381848,25690.0,-8.685961815201154,433.1115941438927,323.7134293426377,378.4125117432652,54.6990824006275,True
DJI,2026-01-07 20:27:48.970535+00:00,49048.35,170.0,48878.35,1.0050220220877737e-44,-1.0047432989367364e-44,1.3936157551862494e-48,1.004882660512255e-44,False
RUT,2026-01-07 20:28:52.781108+00:00,2572.7071,2530.0,42.70710000000008,91.36222422145869,14.723982689017355,53.04310345523802,38.319120766220664,True
SPX,2026-01-07 20:30:26.048413+00:00,6928.87,6930.0,-1.1300000000001091,2712.7109762187138,83.0992141310212,1397.9050951748675,1314.8058810438463,False
NDX,2026-01-07 20:31:30.584619+00:00,25677.27540781362,25690.0,-12.724592186379596,348.8618123039054,256.05032719046545,302.45606974718544,46.40574255671999,True
DJI,2026-01-07 20:31:56.304149+00:00,49007.19,170.0,48837.19,1.3468040934022768e-44,-5.381342337830285e-45,4.043349298096241e-45,9.424691635926526e-45,False
RUT,2026-01-07 20:33:00.995845+00:00,2572.1946000000003,2530.0,42.194600000000264,91.53574931482612,14.499113260177118,53.01743128750162,38.518318027324504,True
SPX,2026-01-07 20:34:34.241312+00:00,6925.95,6925.0,0.9499999999998181,2574.9519588161843,31.36473956522741,1303.1583491907058,1271.7936096254784,False
NDX,2026-01-07 20:35:40.320668+00:00,25668.5449520841,25670.0,-1.45504791590065,282.3871321624349,188.45119812588757,235.41916514416124,46.967967018273654,True
DJI,2026-01-07 20:36:12.897626+00:00,48971.12,170.0,48801.12,8.957427971075265e-45,-8.945220670272045e-45,6.103650401609794e-48,8.951324320673655e-45,False
RUT,2026-01-07 20:37:16.339524+00:00,2571.2846,2530.0,41.284599999999955,91.84338286303269,14.097096766572037,52.97023981480236,38.873143048230325,True
SPX,2026-01-07 20:38:49.342501+00:00,6920.110000000001,6920.0,0.11000000000058208,2393.7186619427366,-382.65098839434324,1005.5338367741966,1388.1848251685399,False
NDX,2026-01-07 20:39:53.919091+00:00,25642.5930970484,25640.0,2.593097048400523,563.8440210099513,258.1891243332768,411.0165726716141,152.82744833833726,True
DJI,2026-01-07 20:40:24.255793+00:00,48964.28,170.0,48794.28,9.141209226198336e-45,-9.141000614900196e-45,1.0430564907067589e-49,9.141104920549266e-45,False
RUT,2026-01-07 20:41:27.814690+00:00,2571.7692,2530.0,41.76920000000018,91.679636938024,14.31161665112301,52.99562679457351,38.6840101434505,True
SPX,2026-01-07 20:43:00.982144+00:00,6920.360000000001,6920.0,0.3600000000005821,2386.761918939794,-370.43793530063795,1008.1619918195781,1378.599927120216,False
NDX,2026-01-07 20:44:06.772569+00:00,25657.73328466711,25650.0,7.733284667108819,379.83876826527023,229.65823432283435,304.7485012940523,75.09026697121793,True
DJI,2026-01-07 20:44:32.631675+00:00,48967.32,180.0,48787.32,2.5982932853842025e-44,7.099233688458999e-45,1.6541083271150511e-44,9.441849582691512e-45,False
RUT,2026-01-07 20:45:36.179701+00:00,2573.1458000000002,2530.0,43.145800000000236,91.21353648596178,14.915586192694484,53.06456133932814,38.14897514663365,True
SPX,2026-01-07 20:47:09.394369+00:00,6920.85,6920.0,0.8500000000003638,2378.307848162547,-341.43674868366156,1018.4355497394429,1359.8722984231044,False
NDX,2026-01-07 20:48:15.578749+00:00,25657.34492377272,25650.0,7.344923772721813,385.39562183335147,231.9151222061189,308.6553720197352,76.74024981361629,True
DJI,2026-01-07 20:48:43.979380+00:00,48962.090000000004,170.0,48792.090000000004,9.631130926041281e-45,-9.628390964827905e-45,1.369980606687834e-48,9.629760945434593e-45,False
RUT,2026-01-07 20:49:47.592077+00:00,2573.9286,2530.0,43.92860000000019,90.94788835562294,15.255443504548083,53.10166593008551,37.84622242553743,True
SPX,2026-01-07 20:51:20.700005+00:00,6923.650000000001,6925.0,-1.3499999999994543,2461.7651020971334,-105.72857791480396,1178.0182620911648,1283.7468400059688,False
NDX,2026-01-07 20:52:25.984636+00:00,25658.24387227933,25650.0,8.24387227933039,372.6386379376197,226.6658247847057,299.6522313611627,72.98640657645701,True
DJI,2026-01-07 20:52:53.775085+00:00,48984.68,170.0,48814.68,1.0525626070921045e-44,-1.0525607445718492e-44,9.312601276464075e-51,1.0525616758319769e-44,False
RUT,2026-01-07 20:53:57.657032+00:00,2575.3325,2530.0,45.33249999999998,90.47043342839068,15.858402246646222,53.16441783751845,37.30601559087223,True
SPX,2026-01-07 20:55:31.097222+00:00,6924.08,6925.0,-0.9200000000000728,2486.5732638632658,-72.04954733350996,1207.261858264878,1279.3114055983879,False
NDX,2026-01-07 20:56:36.904695+00:00,25651.70714894425,25650.0,1.7071489442496386,468.13864265691296,258.9206132217867,363.52962793934984,104.60901471756313,True
SPX,2026-01-07 20:58:00.407901+00:00,6920.04,6920.0,0.03999999999996362,2395.9828802400225,-385.7539603033681,1005.1144599683271,1390.8684202716952,False
NDX,2026-01-07 20:59:05.092646+00:00,25647.75985483402,25650.0,-2.240145165978902,519.1008317781202,266.5244046670862,392.8126182226032,126.28821355551702,True
DJI,2026-01-07 20:59:37.182093+00:00,48999.92,170.0,48829.92,1.143390715957551e-44,-1.143390715957551e-44,1.687046553801712e-113,1.143390715957551e-44,False
SPX,2026-01-08 17:09:34.271867+00:00,6921.31,6920.0,1.3100000000004002,3301.0246792957696,-744.5592730430508,1278.2327031263594,2022.7919761694102,False
NDX,2026-01-08 17:10:39.503834+00:00,25469.78693351525,25480.0,-10.213066484750016,317.6049067999009,-215.11664973982823,51.24412853003632,266.36077826986457,True
DJI,2026-01-08 17:11:08.709860+00:00,49280.590000000004,170.0,49110.590000000004,2.5090483787624387e-45,-2.5089461512911146e-45,5.111373566199788e-50,2.5089972650267767e-45,False
RUT,2026-01-08 17:12:12.557169+00:00,2603.9761000000003,2530.0,73.97610000000032,82.47376663448222,27.58257104485778,55.02816883967,27.445597794812223,True
SPX,2026-01-08 17:13:45.942592+00:00,6919.62,6920.0,-0.38000000000010914,3028.273984470603,-760.4596548183104,1133.9071648261463,1894.3668196444567,False
NDX,2026-01-08 17:14:51.358661+00:00,25468.45400187746,25480.0,-11.545998122539459,297.65507658292233,-200.35482537652305,48.650125603199655,249.0049509797227,True
DJI,2026-01-08 17:15:25.784385+00:00,49277.23,170.0,49107.23,2.5732751460543153e-45,-2.573275146014915e-45,1.9700232987040838e-56,2.573275146034615e-45,False
RUT,2026-01-08 17:16:29.589777+00:00,2603.6123000000002,2530.0,73.61230000000023,82.6110303408758,27.47034318438046,55.040686762628134,27.570343578247673,True
SPX,2026-01-08 17:18:02.915029+00:00,6921.860000000001,6920.0,1.860000000000582,3382.742832166465,-756.0584821624075,1313.3421750020289,2069.4006571644363,False
NDX,2026-01-08 17:19:07.844858+00:00,25484.53178366766,25480.0,4.531783667658601,566.0278000335674,-305.28639489039756,130.37070257158493,435.65709746198246,True
DJI,2026-01-08 17:19:35.162759+00:00,49298.65,170.0,49128.65,2.7781673164831317e-45,-2.7781622636100032e-45,2.5264365643029088e-51,2.7781647900465675e-45,False
RUT,2026-01-08 17:20:38.922111+00:00,2603.1059,2530.0,73.10590000000002,82.80215243360637,27.31304980332474,55.057601118465556,27.744551315140814,True
SPX,2026-01-08 17:22:12.918754+00:00,6924.35,6925.0,-0.6499999999996362,3663.9282602625312,-789.2903996337604,1437.3189303143854,2226.609329948146,False
NDX,2026-01-08 17:23:18.259933+00:00,25502.66290800718,25500.0,2.6629080071797944,695.9037979905399,-173.17079266933752,261.3665026606012,434.53729532993873,True
DJI,2026-01-08 17:23:46.221603+00:00,49312.55,170.0,49142.55,2.9805019528282604e-45,-2.97297675085054e-45,3.7626009888603765e-48,2.9767393518394e-45,False
RUT,2026-01-08 17:24:49.889351+00:00,2601.4662000000003,2530.0,71.4662000000003,83.42138803513693,26.79514520842555,55.10826662178124,28.31312141335569,True
SPX,2026-01-08 17:26:23.232868+00:00,6919.28,6920.0,-0.7200000000002547,2967.1184755870127,-775.1129986528233,1096.0027384670946,1871.1157371199179,False
NDX,2026-01-08 17:27:28.445470+00:00,25462.72739904048,25480.0,-17.272600959520787,237.10092107558842,-156.63225739521715,40.23433184018562,196.86658923540278,True
DJI,2026-01-08 17:27:55.240937+00:00,49277.48,170.0,49107.48,2.8315610858770976e-45,-2.8315610856992015e-45,8.894794136971161e-56,2.8315610857881495e-45,False
RUT,2026-01-08 17:28:59.348047+00:00,2599.9666,2530.0,69.9666000000002,83.988148279896,26.309974488531456,55.149061384213724,28.839086895682268,True
SPX,2026-01-08 17:31:32.426090+00:00,6921.81,6920.0,1.8100000000004002,3375.3854568102124,-754.8027629718542,1310.2913469191792,2065.0941098910334,False
NDX,2026-01-08 17:32:37.657236+00:00,25478.38279394787,25480.0,-1.6172060521312233,465.4871572605921,-301.3726145881353,82.05727133622841,383.4298859243637,True
DJI,2026-01-08 17:33:03.426719+00:00,49327.17,170.0,49157.17,3.3366561009327006e-45,-3.336656100932539e-45,8.106210261287763e-59,3.33665610093262e-45,False
RUT,2026-01-08 17:34:07.167325+00:00,2602.0252,2530.0,72.02520000000004,83.21021852471374,26.97318390098341,55.09170121284858,28.118517311865165,True
SPX,2026-01-08 17:36:10.740144+00:00,6924.22,6925.0,-0.7799999999997453,3658.1111011259763,-792.5216494255401,1432.7947258502181,2225.316375275758,False
NDX,2026-01-08 17:37:15.797934+00:00,25490.93790048241,25500.0,-9.06209951758865,671.3658720127032,-263.41263009407953,203.97662095931182,467.3892510533914,True
DJI,2026-01-08 17:37:42.188117+00:00,49331.87,170.0,49161.87,3.497594599426678e-45,-3.4963892766986175e-45,6.026613640302293e-49,3.4969919380626476e-45,False
RUT,2026-01-08 17:38:46.036621+00:00,2603.5179000000003,2530.0,73.51790000000028,82.64665342444415,27.441116425094027,55.04388492476909,27.60276849967506,True
SPX,2026-01-08 17:41:19.489194+00:00,6924.35,6925.0,-0.6499999999996362,3663.9282602625312,-789.2903996337604,1437.3189303143854,2226.609329948146,False
NDX,2026-01-08 17:42:24.488333+00:00,25494.88805158758,25500.0,-5.111948412421043,723.1937430664341,-232.24544626034668,245.47414840304373,477.7195946633904,True
DJI,2026-01-08 17:42:51.194348+00:00,49349.520000000004,170.0,49179.520000000004,3.789347223128248e-45,-3.78909514217084e-45,1.2604047870397846e-49,3.789221182649544e-45,False
RUT,2026-01-08 17:43:54.725414+00:00,2604.417,2530.0,74.41699999999992,82.30745902392029,27.717718255859122,55.01258863988971,27.294870384030585,True
SPX,2026-01-08 17:46:28.116407+00:00,6926.28,6925.0,1.2799999999997453,3554.173983784598,-622.4526269210867,1465.8606784317556,2088.3133053528422,False
NDX,2026-01-08 17:47:33.472758+00:00,25502.63669512332,25500.0,2.6366951233212603,696.3771152346943,-173.37733758398565,261.49988882535433,434.87722640934,True
DJI,2026-01-08 17:47:58.854083+00:00,49324.29,170.0,49154.29,3.766779896768696e-45,-3.766779896765057e-45,1.8197652003693432e-57,3.7667798967668766e-45,False
RUT,2026-01-08 17:49:02.977864+00:00,2605.3088000000002,2530.0,75.30880000000025,81.97123714776869,27.988182747229303,54.979709947498996,26.991527200269694,True
SPX,2026-01-08 17:51:06.264954+00:00,6927.96,6925.0,2.9600000000000364,3259.0055209767465,-339.91544871715314,1459.5450361297967,1799.4604848469498,False
NDX,2026-01-08 17:52:11.624421+00:00,25517.630189088,25500.0,17.630189087998588,269.1903603803618,-57.74809237842187,105.72113400096997,163.46922637939184,True
DJI,2026-01-08 17:52:40.476016+00:00,49346.07,170.0,49176.07,4.09521171976858e-45,-4.09521171976858e-45,1.1250247383686663e-111,4.09521171976858e-45,False
RUT,2026-01-08 17:53:44.827281+00:00,2607.4967,2530.0,77.49670000000015,81.1474205641734,28.635347289632307,54.891383926902854,26.256036637270547,True
SPX,2026-01-08 17:56:18.450185+00:00,6930.39,6930.0,0.3900000000003274,2842.788563033766,39.54329035000751,1441.1659266918869,1401.6226363418793,False
NDX,2026-01-08 17:57:24.430948+00:00,25516.43377876132,25500.0,16.433778761318536,297.27577101076565,-64.68893386924779,116.29341857075892,180.9823524400067,True
DJI,2026-01-08 17:57:49.652081+00:00,49357.48,170.0,49187.48,4.367548787933718e-45,-4.36754878673572e-45,5.9899869960796395e-55,4.367548787334719e-45,False
RUT,2026-01-08 17:58:53.237219+00:00,2607.8202,2530.0,77.82020000000011,81.0257526368877,28.72906537902587,54.877409007956786,26.148343628930917,True
SPX,2026-01-08 18:01:26.874773+00:00,6925.4400000000005,6925.0,0.4400000000005093,3646.4527001220467,-722.8068717298454,1461.8229141961008,2184.629785925946,False
NDX,2026-01-08 18:02:32.223127+00:00,25507.39303459712,25500.0,7.393034597120277,575.7350589099269,-134.2714346610075,220.73181212445974,355.00324678546724,True
DJI,2026-01-08 18:03:01.704890+00:00,49323.08,170.0,49153.08,4.247041962106504e-45,-4.2458174026918144e-45,6.122797073446487e-49,4.246429682399159e-45,False
RUT,2026-01-08 18:04:05.651293+00:00,2607.7236000000003,2530.0,77.72360000000026,81.06207972781363,28.701133401133625,54.88160656447363,26.180473163340004,True
SPX,2026-01-08 18:06:08.838711+00:00,6923.88,6925.0,-1.1199999999998909,3635.9560886847107,-796.8993567206121,1419.5283659820493,2216.4277227026614,False
NDX,2026-01-08 18:07:13.320725+00:00,25482.01744534465,25480.0,2.017445344648877,525.4006805070952,-310.8452091538606,107.27773567661733,418.12294483047793,True
DJI,2026-01-08 18:07:40.711283+00:00,49311.62,170.0,49141.62,4.271625087786082e-45,-4.271625064574927e-45,1.160557728579566e-53,4.2716250761805043e-45,False
RUT,2026-01-08 18:08:44.415901+00:00,2605.9475,2530.0,75.94750000000022,81.73058329687228,28.179508630541346,54.955045963706816,26.77553733316547,True
SPX,2026-01-08 18:11:17.930925+00:00,6921.2,6920.0,1.199999999999818,3284.45191425247,-743.0066914040863,1270.7226114241919,2013.7293028282782,False
NDX,2026-01-08 18:12:22.789087+00:00,25461.29419682513,25480.0,-18.705803174871107,228.82266294078087,-151.95834356799466,38.432159686393106,190.39050325438777,True
DJI,2026-01-08 18:12:48.888788+00:00,49284.21,170.0,49114.21,4.1735456079828877e-45,-4.1508511157044185e-45,1.1347246139234625e-47,4.162198361843653e-45,False
RUT,2026-01-08 18:13:52.516264+00:00,2604.8358000000003,2530.0,74.83580000000029,82.14953678100639,27.84521395644866,54.997375368727525,27.152161412278865,True
SPX,2026-01-08 18:16:25.594244+00:00,6914.01,6915.0,-0.9899999999997817,2173.8835753955227,-1005.006933092708,584.4383211514074,1589.4452542441154,False
NDX,2026-01-08 18:17:30.912025+00:00,25456.74749466844,25450.0,6.7474946684415045,216.43477753189472,-151.3319236526317,32.5514269396315,183.8833505922632,True
DJI,2026-01-08 18:18:00.534273+00:00,49250.9,170.0,49080.9,4.0474696545140845e-45,-4.045473816137149e-45,9.979191884677232e-49,4.0464717353256167e-45,False
RUT,2026-01-08 18:19:04.018401+00:00,2603.5536,2530.0,73.55360000000019,82.63318129943931,27.452174454411214,55.04267787692527,27.590503422514054,True
SPX,2026-01-08 18:21:07.719823+00:00,6922.05,6920.0,2.050000000000182,3410.553493281574,-761.0961436570519,1324.728674812261,2085.824818469313,False
NDX,2026-01-08 18:22:13.039520+00:00,25490.66498103435,25500.0,-9.335018965648487,667.0554862702236,-265.56895628646544,200.7432649918791,466.3122212783445,True
DJI,2026-01-08 18:22:42.155281+00:00,49290.08,170.0,49120.08,4.605064796310395e-45,-4.605064793654172e-45,1.328111678019243e-54,4.605064794982284e-45,False
RUT,2026-01-08 18:23:45.865847+00:00,2604.2925,2530.0,74.29250000000002,82.35441518056128,27.679651809177248,55.01703349486926,27.337381685692012,True
SPX,2026-01-08 18:26:19.503690+00:00,6919.900000000001,6920.0,-0.0999999999994543,3076.961531728545,-751.3501337574437,1162.8056989855506,1914.1558327429943,False
NDX,2026-01-08 18:27:25.537275+00:00,25469.66215312788,25480.0,-10.33784687212028,315.6634583370101,-213.69216317219974,50.98564758240521,264.67781075460493,True
DJI,2026-01-08 18:27:50.618684+00:00,49295.92,170.0,49125.92,4.8591417623795915e-45,-4.859138971988272e-45,1.3951956600197165e-51,4.8591403671839316e-45,False
RUT,2026-01-08 18:28:54.211148+00:00,2603.974,2530.0,73.97400000000016,82.47455887831556,27.58192507290263,55.0282419756091,27.446316902706467,True
SPX,2026-01-08 18:31:27.412430+00:00,6920.57,6920.0,0.569999999999709,3187.1836677352685,-740.4088463840296,1223.3874106756195,1963.7962570596492,False
NDX,2026-01-08 18:32:33.223605+00:00,25484.49511410138,25480.0,4.49511410138075,565.4320547712241,-305.4291768578248,130.00143895669962,435.43061581452446,True
DJI,2026-01-08 18:33:01.871967+00:00,49275.64,170.0,49105.64,4.835731888837561e-45,-4.8357021052073574e-45,1.4891815101741505e-50,4.835716997022459e-45,False
RUT,2026-01-08 18:34:05.498371+00:00,2604.0764,2530.0,74.07639999999992,82.4359289026487,27.613398853890267,55.02466387826948,27.41126502437921,True
SPX,2026-01-08 18:36:08.877742+00:00,6918.58,6920.0,-1.4200000000000728,2836.1742419778166,-816.7514476217826,1009.7113971780169,1826.4628447997995,False
NDX,2026-01-08 18:37:13.753851+00:00,25488.35861440834,25500.0,-11.641385591661674,629.2397365503676,-283.11840030608596,173.0606681221408,456.1790684282268,True
DJI,2026-01-08 18:37:40.732709+00:00,49273.6,170.0,49103.6,5.092967566795128e-45,-5.092753203846007e-45,1.0718147456033797e-49,5.092860385320567e-45,False
RUT,2026-01-08 18:38:44.352570+00:00,2604.1936,2530.0,74.19360000000006,82.39171908108845,27.649358834922356,55.0205389580054,27.371180123083047,True
SPX,2026-01-08 18:41:17.690570+00:00,6918.650000000001,6920.0,-1.3499999999994543,2849.4399557831584,-811.9625731532609,1018.7386913149488,1830.7012644682097,False
NDX,2026-01-08 18:42:22.620708+00:00,25481.66910902573,25480.0,1.6691090257299948,519.7670410868332,-310.8737687654116,104.44663616071075,415.32040492612236,True
DJI,2026-01-08 18:42:49.326169+00:00,49267.880000000005,170.0,49097.880000000005,5.1830559942371486e-45,-5.1641017328382673e-45,9.477130699440475e-48,5.173578863537708e-45,False
RUT,2026-01-08 18:43:53.064537+00:00,2603.2206,2530.0,73.2206000000001,82.75885773100686,27.34878653612282,55.053822133564836,27.705035597442016,True
SPX,2026-01-08 18:46:26.284585+00:00,6919.33,6920.0,-0.6700000000000728,2976.24051002031,-772.7159082540602,1101.762300883125,1874.478209137185,False
NDX,2026-01-08 18:47:31.894756+00:00,25481.54539210211,25480.0,1.5453921021107817,517.7631325414566,-310.8373108877708,103.4629108268429,414.3002217146137,True
DJI,2026-01-08 18:47:58.504252+00:00,49298.18,170.0,49128.18,5.834045763602761e-45,-5.834045763597932e-45,2.4150423192191808e-57,5.834045763600346e-45,False
RUT,2026-01-08 18:49:02.940010+00:00,2603.6925,2530.0,73.69250000000011,82.58076755968199,27.495139382834022,55.03795347125801,27.542814088423984,True
SPX,2026-01-08 18:51:06.129638+00:00,6921.83,6920.0,1.8299999999999272,3378.330192149735,-755.301058542497,1311.5145668036191,2066.815625346116,False
NDX,2026-01-08 18:52:12.006007+00:00,25486.60085530291,25480.0,6.600855302909622,599.975716067876,-294.8410184966976,152.56734878558916,447.40836728228675,True
DJI,2026-01-08 18:52:40.040012+00:00,49281.47,170.0,49111.47,5.853244271559504e-45,-5.853244271553416e-45,3.0445957820911184e-57,5.85324427155646e-45,False
RUT,2026-01-08 18:53:43.739842+00:00,2603.7601,2530.0,73.76009999999997,82.55526053785242,27.51601554656531,55.035638042208866,27.519622495643556,True
SPX,2026-01-08 18:56:16.931009+00:00,6915.24,6915.0,0.23999999999978172,2305.0081075981884,-1034.4163448812606,635.2958813584638,1669.7122262397245,False
NDX,2026-01-08 18:57:23.104712+00:00,25457.29914653252,25450.0,7.299146532521263,217.10828531421112,-150.51487870180637,33.29670330620238,183.81158200800874,True
DJI,2026-01-08 18:57:49.822765+00:00,49249.22,170.0,49079.22,5.771560926979583e-45,-5.473479071079671e-45,1.490409279499559e-46,5.622519999029627e-45,False
RUT,2026-01-08 18:58:53.398196+00:00,2601.9787,2530.0,71.97870000000012,83.22778219081243,26.958432166667457,55.09310717873995,28.134675012072492,True
SPX,2026-01-08 19:01:27.495909+00:00,6915.110000000001,6915.0,0.11000000000058208,2289.898049748634,-1035.3300733968376,627.2839881758981,1662.6140615727359,False
NDX,2026-01-08 19:02:32.839644+00:00,25454.46852007551,25450.0,4.4685200755084225,214.93802364060045,-156.20495383018485,29.366534905207793,185.57148873539265,True
DJI,2026-01-08 19:03:00.063413+00:00,49247.48,170.0,49077.48,5.89338886438361e-45,-5.893385450063264e-45,1.7071601726754476e-51,5.893387157223437e-45,False
RUT,2026-01-08 19:04:03.696868+00:00,2602.5897,2530.0,72.5897,82.99703488991496,27.15142366227036,55.07422927609266,27.922805613822298,True
SPX,2026-01-08 19:06:07.157465+00:00,6917.62,6920.0,-2.380000000000109,2656.9953407871817,-891.9061192987393,882.5446107442211,1774.4507300429605,False
NDX,2026-01-08 19:07:12.269170+00:00,25477.79251041041,25480.0,-2.207489589589386,455.4299267870867,-297.8119567975345,78.80898499477608,376.6209417923106,True
DJI,2026-01-08 19:07:40.750562+00:00,49285.08,170.0,49115.08,6.641155837133759e-45,-6.641155837011337e-45,6.1211064116538745e-56,6.641155837072548e-45,False
RUT,2026-01-08 19:08:44.677246+00:00,2603.851,2530.0,73.85100000000011,82.52096372547334,27.544052051139754,55.03250788830655,27.488455837166793,True
SPX,2026-01-08 19:12:20.554406+00:00,6913.29,6915.0,-1.7100000000000364,2109.3696865246125,-953.3879234115556,577.9908815565285,1531.378804968084,False
SPX,2026-01-08 19:15:32.489829+00:00,6912.38,6915.0,-2.619999999999891,2042.7280234615819,-867.4612263943606,587.6333985336106,1455.0946249279712,False
SPX,2026-01-08 19:17:58.668949+00:00,6909.43,6910.0,-0.569999999999709,1889.3272937123238,-606.2965753248285,641.5153591937477,1247.8119345185762,False
NDX,2026-01-08 19:19:03.581702+00:00,25443.39928101094,25450.0,-6.600718989058805,210.47712254406025,-181.19545662504294,14.640832959508655,195.8362895845516,True
DJI,2026-01-08 19:19:32.112591+00:00,49240.44,170.0,49070.44,6.654511014481185e-45,-6.654511012800699e-45,8.402422478274257e-55,6.654511013640942e-45,False
RUT,2026-01-08 19:20:35.583719+00:00,2601.2712,2530.0,71.27120000000014,83.4950655419406,26.73267900638528,55.113872274162944,28.381193267777665,True
SPX,2026-01-08 19:22:17.623497+00:00,6918.39,6920.0,-1.6099999999996726,984.8989324567465,984.8989324567465,984.8989324567465,0.0,False
NDX,2026-01-08 19:23:22.805642+00:00,25456.39529132434,25450.0,6.395291324341088,216.08341349078313,-151.9431963326113,32.07010857908591,184.01330491169722,True
DJI,2026-01-08 19:23:47.169047+00:00,49275.05,170.0,49105.05,7.469752198863573e-45,-7.469602159776475e-45,7.501954354899575e-50,7.469677179320024e-45,False
RUT,2026-01-08 19:24:51.086615+00:00,2602.4054,2530.0,72.4054000000001,83.06662848714394,27.093402555542998,55.08001552134347,27.98661296580047,True
SPX,2026-01-08 19:26:24.325405+00:00,6915.03,6915.0,0.02999999999974534,2280.758453882063,-1035.4130481305756,622.6727028757437,1658.0857510063192,False
NDX,2026-01-08 19:27:55.832750+00:00,25449.81134925627,25450.0,-0.18865074373024981,213.59232502008786,-168.36476434504561,22.61378033752113,190.97854468256673,True
DJI,2026-01-08 19:28:21.975586+00:00,49251.72,170.0,49081.72,7.295740827291902e-45,-7.295030142233e-45,3.553425294511489e-49,7.29538548476245e-45,False
RUT,2026-01-08 19:29:26.629198+00:00,2601.8006,2530.0,71.80060000000003,83.29505687268787,26.901833623550154,55.098445248119006,28.196611624568853,True
SPX,2026-01-08 19:31:30.339220+00:00,6916.47,6915.0,1.4700000000002547,2467.2135708932387,-982.987420202588,742.1130753453253,1725.1004955479134,False
NDX,2026-01-08 19:32:35.513998+00:00,25461.36590131039,25480.0,-18.634098689610255,229.176986272443,-152.1331055165851,38.52194037792897,190.65504589451405,True
DJI,2026-01-08 19:33:03.044982+00:00,49284.66,170.0,49114.66,8.124747584136255e-45,-8.12474758332405e-45,4.0610231731871615e-55,8.124747583730152e-45,False
RUT,2026-01-08 19:34:06.557428+00:00,2603.1437,2530.0,73.14370000000008,82.78788408995692,27.32483413164062,55.056359110798766,27.731524979158145,True
SPX,2026-01-08 19:36:10.007910+00:00,6915.860000000001,6915.0,0.8600000000005821,2381.994172215033,-1017.3665034601287,682.313834377452,1699.6803378375807,False
NDX,2026-01-08 19:37:15.299030+00:00,25454.43473475047,25450.0,4.434734750469943,214.92613394013455,-156.28975420529474,29.31818986741991,185.60794407271464,True
DJI,2026-01-08 19:37:41.484273+00:00,49267.62,170.0,49097.62,8.314309381939602e-45,-8.313767877200088e-45,2.7075236975699968e-49,8.314038629569845e-45,False
RUT,2026-01-08 19:38:45.004889+00:00,2602.9611,2530.0,72.96109999999999,82.8568130821502,27.267843163268235,55.06232812270922,27.794484959440982,True
SPX,2026-01-08 19:41:18.315237+00:00,6913.26,6915.0,-1.7399999999997817,2106.899528577098,-950.8355437085519,578.0319924342731,1528.867536142825,False
NDX,2026-01-08 19:42:24.043863+00:00,25452.27311707589,25450.0,2.2731170758888766,214.37555405505765,-162.00823828716057,26.183657883948552,188.1918961711091,True
DJI,2026-01-08 19:42:49.109073+00:00,49244.270000000004,180.0,49064.270000000004,1.972309061883587e-44,3.3783939450048273e-45,1.155074228192035e-44,8.172348336915522e-45,False
RUT,2026-01-08 19:43:53.020967+00:00,2602.1553,2530.0,72.1552999999999,83.16108034348424,27.01440085917967,55.08774060133196,28.07333974215229,True
SPX,2026-01-08 19:46:26.757901+00:00,6913.51,6915.0,-1.4899999999997817,2128.0356735488804,-971.2419403121436,578.3968666183683,1549.638806930512,False
NDX,2026-01-08 19:47:32.076606+00:00,25450.59394487857,25450.0,0.5939448785684363,213.9000264785364,-166.42371921832552,23.738153630105437,190.16187284843096,True
DJI,2026-01-08 19:47:56.890327+00:00,49225.86,170.0,49055.86,8.080783555885719e-45,-8.071915362989466e-45,4.4340964481269045e-48,8.076349459437592e-45,False
RUT,2026-01-08 19:49:00.809124+00:00,2604.2819,2530.0,74.28189999999995,82.3584132482961,27.676407320646724,55.01741028447142,27.341002963824693,True
SPX,2026-01-08 19:51:04.664185+00:00,6914.12,6915.0,-0.8800000000001091,2184.569514190038,-1010.9445690306196,586.8124725797092,1597.7570416103288,False
NDX,2026-01-08 19:52:11.043142+00:00,25456.74915396236,25450.0,6.749153962358832,216.43656954494543,-151.3292007092224,32.553684417861525,183.8828851270839,True
DJI,2026-01-08 19:52:39.247054+00:00,49240.130000000005,170.0,49070.130000000005,8.760463520572073e-45,-8.760463520572073e-45,2.556641377557441e-68,8.760463520572073e-45,False
RUT,2026-01-08 19:53:44.855159+00:00,2604.4801,2530.0,74.48010000000022,82.28366197807564,27.73698252614561,55.010322252110626,27.273339725965016,True
SPX,2026-01-08 19:56:19.327111+00:00,6912.4400000000005,6915.0,-2.5599999999994907,2046.6010017197336,-873.485166848247,586.5579174357433,1460.0430842839903,False
NDX,2026-01-08 19:57:25.781138+00:00,25446.77747854878,25450.0,-3.222521451218199,211.9163753358733,-174.94002978535357,18.48817277525988,193.42820256061344,True
DJI,2026-01-08 19:57:49.652476+00:00,49222.53,170.0,49052.53,8.976248673616089e-45,-8.521635577178477e-45,2.2730654821880543e-46,8.748942125397283e-45,False
RUT,2026-01-08 19:58:53.746570+00:00,2600.7669,2530.0,70.76690000000008,83.68563748941585,26.570268669886676,55.12795307965126,28.557684409764587,True
SPX,2026-01-08 20:01:27.321549+00:00,6913.68,6915.0,-1.319999999999709,2143.105890626603,-983.8747561042036,579.6155672611998,1563.4903233654034,False
NDX,2026-01-08 20:02:34.154088+00:00,25456.63133347242,25450.0,6.631333472418191,216.31259376722625,-151.5262879190471,32.39315292408959,183.91944084313667,True
DJI,2026-01-08 20:03:00.029639+00:00,49232.53,170.0,49062.53,9.40456523340937e-45,-9.403189108096315e-45,6.880626565275298e-49,9.403877170752843e-45,False
RUT,2026-01-08 20:04:03.846783+00:00,2600.5401,2530.0,70.54010000000017,83.77135741436174,26.49682152931512,55.13408947183843,28.63726794252331,True
SPX,2026-01-08 20:06:07.109653+00:00,6915.2,6915.0,0.1999999999998181,2300.324087366008,-1034.7997000619146,632.7621936520466,1667.5618937139611,False
NDX,2026-01-08 20:07:11.971795+00:00,25457.03267446795,25450.0,7.032674467951438,216.76291878543387,-150.88688453043474,32.93801712749956,183.8249016579343,True
DJI,2026-01-08 20:07:37.913071+00:00,49227.28,170.0,49057.28,9.638605340700384e-45,-9.637988547889816e-45,3.0839640528482966e-49,9.6382969442951e-45,False
RUT,2026-01-08 20:08:41.302496+00:00,2600.5524,2530.0,70.55240000000003,83.76670837671273,26.500811234905765,55.13375980580925,28.632948570903483,True
SPX,2026-01-08 20:11:15.615823+00:00,6915.72,6915.0,0.7200000000002547,2363.8371759954507,-1022.9618148186362,670.4376805884071,1693.3994954070433,False
NDX,2026-01-08 20:12:20.811815+00:00,25475.42762916446,25480.0,-4.572370835539914,414.2191224532652,-278.5962570549267,67.81143269916923,346.40768975409594,True
DJI,2026-01-08 20:12:49.210336+00:00,49249.590000000004,170.0,49079.590000000004,1.0593616404565321e-44,-1.059257114471298e-44,5.226299261711036e-49,1.0593093774639151e-44,False
RUT,2026-01-08 20:13:54.492561+00:00,2600.976,2530.0,70.97600000000011,83.60661466028634,26.637760643795197,55.122187652040765,28.484427008245568,True
SPX,2026-01-08 20:16:28.167851+00:00,6918.28,6920.0,-1.7200000000002547,2779.324257796512,-838.583735878566,970.3702609589731,1808.953996837539,False
NDX,2026-01-08 20:17:33.436707+00:00,25475.5503343904,25480.0,-4.449665609601652,416.38485455406726,-279.7655698891284,68.30964233246945,348.07521222159784,True
DJI,2026-01-08 20:17:58.976463+00:00,49264.08,170.0,49094.08,1.1307615078298748e-44,-1.130686610936071e-44,3.7448446901989715e-49,1.1307240593829729e-44,False
RUT,2026-01-08 20:19:02.470193+00:00,2600.5662,2530.0,70.56620000000021,83.76149241095426,26.505286607833867,55.133389509394064,28.628102901560197,True
SPX,2026-01-08 20:21:05.631378+00:00,6915.45,6915.0,0.4499999999998181,2330.1297473624754,-1030.9355949537721,649.5970762043515,1680.5326711581238,False
NDX,2026-01-08 20:22:10.368318+00:00,25469.41134317899,25480.0,-10.588656821011682,311.80474148422485,-210.85192842045507,50.47640653188489,261.32833495233996,True
DJI,2026-01-08 20:22:40.567432+00:00,49248.24,170.0,49078.24,1.1437665175049606e-44,-1.1436526103542483e-44,5.695357535606017e-49,1.1437095639296045e-44,False
RUT,2026-01-08 20:23:45.736228+00:00,2600.5551,2530.0,70.55510000000004,83.76568785936564,26.501686924748043,55.13368739205684,28.6320004673088,True
SPX,2026-01-08 20:26:19.489307+00:00,6917.84,6920.0,-2.1599999999998545,2697.063771370465,-873.5947989628845,911.7344862037902,1785.3292851666747,False
NDX,2026-01-08 20:27:25.154780+00:00,25488.24810677595,25500.0,-11.751893224049127,627.3974422953127,-283.91052945732713,171.74345641899276,455.6539858763199,True
DJI,2026-01-08 20:27:50.335359+00:00,49258.83,170.0,49088.83,1.2315548021129174e-44,-1.2315467645781573e-44,4.0187673801431087e-50,1.2315507833455373e-44,False
RUT,2026-01-08 20:28:53.802040+00:00,2602.0151,2530.0,72.01510000000007,83.2140333917983,26.96998065974619,55.09200702577225,28.122026366026056,True
SPX,2026-01-08 20:30:28.036093+00:00,6920.99,6920.0,0.9899999999997817,3252.5291809790497,-740.8913684687152,1255.8189062551673,1996.7102747238825,False
NDX,2026-01-08 20:31:33.114512+00:00,25505.94478736664,25500.0,5.944787366639503,618.7421467442664,-146.46814924555719,236.13699874935463,382.6051479949118,True
DJI,2026-01-08 20:32:00.714788+00:00,49281.020000000004,170.0,49111.020000000004,1.3539170972393732e-44,-1.3539170972376726e-44,8.502299661586746e-57,1.353917097238523e-44,False
RUT,2026-01-08 20:33:04.223551+00:00,2602.8827,2530.0,72.88270000000011,82.88641036419966,27.243323909479106,55.06486713683938,27.821543227360277,True
SPX,2026-01-08 20:34:37.654356+00:00,6922.650000000001,6925.0,-2.3499999999994543,3495.911414278161,-778.138294537237,1358.886559870462,2137.024854407699,False
NDX,2026-01-08 20:35:42.463071+00:00,25507.40464960935,25500.0,7.404649609350599,575.3747746083666,-134.1731281882643,220.60082321005115,354.77395139831543,True
DJI,2026-01-08 20:36:08.756782+00:00,49292.340000000004,170.0,49122.340000000004,1.4106084893946364e-44,-1.4106084893946364e-44,6.323552882788346e-101,1.4106084893946364e-44,False
RUT,2026-01-08 20:37:12.592232+00:00,2602.4795,2530.0,72.47949999999992,83.0386466786309,27.1167505828594,55.07769863074515,27.960948047885747,True
SPX,2026-01-08 20:38:46.903006+00:00,6924.41,6925.0,-0.5900000000001455,3666.082507707327,-787.4871543668978,1439.2976766702145,2226.7848310371123,False
NDX,2026-01-08 20:39:52.159678+00:00,25515.82230722145,25500.0,15.822307221449591,312.8446558167841,-68.50880484508835,122.16792548584786,190.6767303309362,True
DJI,2026-01-08 20:40:27.329090+00:00,49259.93,170.0,49089.93,1.577196770718162e-44,-1.1340329069889027e-44,2.2158193186462968e-45,1.3556148388535324e-44,False
RUT,2026-01-08 20:41:32.330421+00:00,2602.7963,2530.0,72.79629999999997,82.91902939303195,27.216267916535458,55.0676486547837,27.851380738248245,True
SPX,2026-01-08 20:43:05.829981+00:00,6919.51,6920.0,-0.4899999999997817,3008.720780907458,-764.7743180090699,1121.973231449194,1886.7475494582638,False
NDX,2026-01-08 20:44:11.355363+00:00,25494.78074680913,25500.0,-5.219253190869495,722.1691482322376,-233.0751297889453,244.54700922164616,477.62213901059147,True
DJI,2026-01-08 20:44:39.488222+00:00,49262.35,170.0,49092.35,1.4251650593488134e-44,-1.4235574385639147e-44,8.038103924494267e-48,1.424361248956364e-44,False
RUT,2026-01-08 20:45:43.903663+00:00,2602.6022000000003,2530.0,72.60220000000027,82.99231502584371,27.15535288662667,55.07383395623519,27.91848106960852,True
SPX,2026-01-08 20:47:17.257783+00:00,6920.16,6920.0,0.15999999999985448,3120.7484507185063,-745.3080558362733,1187.7201974411164,1933.0282532773897,False
SPX,2026-01-09 14:46:12.428728+00:00,6941.83,6940.0,1.8299999999999272,2441.7635062106656,779.2802596879245,1610.521882949295,831.2416232613706,False
